[18:21:30.538] Server listening on port 63120, PID 46940
[18:21:30.582] readProjectFiles, Found 65 files to read.
[18:21:30.757] Starting PAI Cloud Dev...
[18:21:32.102] [PAI SDK] createCloudSession response: {
  "code": 0,
  "msg": "success",
  "sandboxId": "vefaas-f0vkicge-zwx1wbt5u0-d9u4iao2jfrdbl39ifmg-sandbox",
  "endpoint": "https://sd62opo6oqou1ckhsuo00.apigateway-cn-beijing.volceapi.com"
}
[18:21:32.256] [PAI SDK] cloudServer.start called, appId: pai-preview-trae-ff4dc67f
[18:21:32.784] [PAI SDK] Received event: log {"content":"\n> taro_template@1.0.0 dev:h5\n> npm run build:h5 -- --watch\n\n\n> taro_template@1.0.0 build:h5\n> taro build --type h5 --watch\n\n","timestamp":1786530092774}
[18:21:33.123] [PAI SDK] Received event: log {"content":"👽 Taro v4.1.9\n\n","timestamp":1786530093116}
[18:21:34.326] [PAI SDK] Received event: log {"content":"Tips:\n1. 建议开启持久化缓存功能，能有效提升二次编译速度，详情请参考: https://docs.taro.zone/docs/config-detail#cache。\n\n\n","timestamp":1786530094318}
[18:21:35.581] [PAI SDK] Received event: log {"content":"- 即将开始启动编译，请稍等~\n","timestamp":1786530095574}
[18:21:37.337] [Preview Server] Frontend connected, clients size = 1
[18:21:47.859] [PAI SDK] Received event: log {"content":"🙅   编译失败. 8/12/2026, 6:21:47 PM\n\n","timestamp":1786530107851}
[18:21:47.861] [PAI SDK] cloudServer.start response: {
  "status": "running",
  "msg": "Cloud Server started successfully.",
  "hash": "pai-preview-trae-ff4dc67f"
}
[18:21:47.961] [PAI SDK] Received event: log {"content":"resolve './pages/index/index' in '/tmp/pai-cloud-build/WWmQuvPcyWOcTm7c-WwXs/src'\n  using description file: /tmp/pai-cloud-build/WWmQuvPcyWOcTm7c-WwXs/package.json (relative path: ./src)\n    resolve multi platform file path\n      using description file: /tmp/pai-cloud-build/WWmQuvPcyWOcTm7c-WwXs/package.json (relative path: ./src)\n        Field 'browser' doesn't contain a valid alias configuration\n        root path /tmp/pai-cloud-build/WWmQuvPcyWOcTm7c-WwXs\n          using description file: /tmp/pai-cloud-build/WWmQuvPcyWOcTm7c-WwXs/package.json (relative path: ./tmp/pai-cloud-build/WWmQuvPcyWOcTm7c-WwXs/src/pages/index/index)\n            no extension\n              Field 'browser' doesn't contain a valid alias configuration\n              /tmp/pai-cloud-build/WWmQuvPcyWOcTm7c-WwXs/tmp/pai-cloud-build/WWmQuvPcyWOcTm7c-WwXs/src/pages/index/index doesn't exist\n            .js\n              Field 'browser' doesn't contain a valid alias configuration\n              /tmp/pai-cloud-build/WWmQuvPcyWOcTm7c-WwXs/tmp/pai-cloud-build/WWmQuvPcyWOcTm7c-WwXs/src/pages/index/index.js doesn't exist\n            .jsx\n              Field 'browser' doesn't contain a valid alias configuration\n              /tmp/pai-cloud-build/WWmQuvPcyWOcTm7c-WwXs/tmp/pai-cloud-build/WWmQuvPcyWOcTm7c-WwXs/src/pages/index/index.jsx doesn't exist\n            .ts\n              Field 'browser' doesn't contain a valid alias configuration\n              /tmp/pai-cloud-build/WWmQuvPcyWOcTm7c-WwXs/tmp/pai-cloud-build/WWmQuvPcyWOcTm7c-WwXs/src/pages/index/index.ts doesn't exist\n            .tsx\n              Field 'browser' doesn't contain a valid alias configuration\n              /tmp/pai-cloud-build/WWmQuvPcyWOcTm7c-WwXs/tmp/pai-cloud-build/WWmQuvPcyWOcTm7c-WwXs/src/pages/index/index.tsx doesn't exist\n            .mjs\n              Field 'browser' doesn't contain a valid alias configuration\n              /tmp/pai-cloud-build/WWmQuvPcyWOcTm7c-WwXs/tmp/pai-cloud-build/WWmQuvPcyWOcTm7c-WwXs/src/pages/index/index.mjs doesn't exist\n            .vue\n              Field 'browser' doesn't contain a valid alias configuration\n              /tmp/pai-cloud-build/WWmQuvPcyWOcTm7c-WwXs/tmp/pai-cloud-build/WWmQuvPcyWOcTm7c-WwXs/src/pages/index/index.vue doesn't exist\n            as directory\n              /tmp/pai-cloud-build/WWmQuvPcyWOcTm7c-WwXs/tmp/pai-cloud-build/WWmQuvPcyWOcTm7c-WwXs/src/pages/index/index doesn't exist\n        using description file: /tmp/pai-cloud-build/WWmQuvPcyWOcTm7c-WwXs/package.json (relative path: ./src/pages/index/index)\n          no extension\n            Field 'browser' doesn't contain a valid alias configuration\n            /tmp/pai-cloud-build/WWmQuvPcyWOcTm7c-WwXs/src/pages/index/index doesn't exist\n          .js\n            Field 'browser' doesn't contain a valid alias configuration\n            /tmp/pai-cloud-build/WWmQuvPcyWOcTm7c-WwXs/src/pages/index/index.js doesn't exist\n          .jsx\n            Field 'browser' doesn't contain a valid alias configuration\n            /tmp/pai-cloud-build/WWmQuvPcyWOcTm7c-WwXs/src/pages/index/index.jsx doesn't exist\n          .ts\n            Field 'browser' doesn't contain a valid alias configuration\n            /tmp/pai-cloud-build/WWmQuvPcyWOcTm7c-WwXs/src/pages/index/index.ts doesn't exist\n          .tsx\n            Field 'browser' doesn't contain a valid alias configuration\n            /tmp/pai-cloud-build/WWmQuvPcyWOcTm7c-WwXs/src/pages/index/index.tsx doesn't exist\n          .mjs\n            Field 'browser' doesn't contain a valid alias configuration\n            /tmp/pai-cloud-build/WWmQuvPcyWOcTm7c-WwXs/src/pages/index/index.mjs doesn't exist\n          .vue\n            Field 'browser' doesn't contain a valid alias configuration\n            /tmp/pai-cloud-build/WWmQuvPcyWOcTm7c-WwXs/src/pages/index/index.vue doesn't exist\n          as directory\n            /tmp/pai-cloud-build/WWmQuvPcyWOcTm7c-WwXs/src/pages/index/index doesn't exist\n\n\nℹ️  Listening at http://9.104.241.11:10086/\n\n监听文件修改中...\n\n","timestamp":1786530107953}
[18:21:47.971] [PAI SDK] Received event: compile_error [{"filename":"","lineNumber":0,"description":"ERROR in ./src/app.config.ts 41:15-44\nModule not found: Error: Can't resolve './pages/index/index' in '/src'\nresolve './pages/index/index' in '/src'\n  using description file: /package.json (relative path: ./src)\n    resolve multi platform file path\n      using description file: /package.json (relative path: ./src)\n        Field 'browser' doesn't contain a valid alias configuration\n        root path /package.json (relative path: ./src/pages/index/index)\n            no extension\n              Field 'browser' doesn't contain a valid alias configuration\n              /src/pages/index/index doesn't exist\n            .js\n              Field 'browser' doesn't contain a valid alias configuration\n              /src/pages/index/index.js doesn't exist\n            .jsx\n              Field 'browser' doesn't contain a valid alias configuration\n              /src/pages/index/index.jsx doesn't exist\n            .ts\n              Field 'browser' doesn't contain a valid alias configuration\n              /src/pages/index/index.ts doesn't exist\n            .tsx\n              Field 'browser' doesn't contain a valid alias configuration\n              /src/pages/index/index.tsx doesn't exist\n            .mjs\n              Field 'browser' doesn't contain a valid alias configuration\n              /src/pages/index/index.mjs doesn't exist\n            .vue\n              Field 'browser' doesn't contain a valid alias configuration\n              /src/pages/index/index.vue doesn't exist\n            as directory\n              /src/pages/index/index doesn't exist\n        using description file: /package.json (relative path: ./src/pages/index/index)\n          no extension\n            Field 'browser' doesn't contain a valid alias configuration\n            /src/pages/index/index doesn't exist\n          .js\n            Field 'browser' doesn't contain a valid alias configuration\n            /src/pages/index/index.js doesn't exist\n          .jsx\n            Field 'browser' doesn't contain a valid alias configuration\n            /src/pages/index/index.jsx doesn't exist\n          .ts\n            Field 'browser' doesn't contain a valid alias configuration\n            /src/pages/index/index.ts doesn't exist\n          .tsx\n            Field 'browser' doesn't contain a valid alias configuration\n            /src/pages/index/index.tsx doesn't exist\n          .mjs\n            Field 'browser' doesn't contain a valid alias configuration\n            /src/pages/index/index.mjs doesn't exist\n          .vue\n            Field 'browser' doesn't contain a valid alias configuration\n            /src/pages/index/index.vue doesn't exist\n          as directory\n            /src/pages/index/index doesn't exist","timestamp":1786530107962}]
[18:51:56.775] [PAI SDK] WebSocket closed, reconnecting (1/3)...
[18:52:06.975] [Global WebSocket] Suppressed error to prevent crash: Unexpected server response: 404
[18:52:06.976] [PAI SDK] WebSocket closed, reconnecting (1/3)...
[18:52:17.087] [Global WebSocket] Suppressed error to prevent crash: Unexpected server response: 404
[18:52:17.089] [PAI SDK] WebSocket closed, reconnecting (1/3)...
[18:52:27.228] [Global WebSocket] Suppressed error to prevent crash: Unexpected server response: 404
[18:52:27.230] [PAI SDK] WebSocket closed, reconnecting (1/3)...
[18:52:37.350] [Global WebSocket] Suppressed error to prevent crash: Unexpected server response: 404
[18:52:37.350] [PAI SDK] WebSocket closed, reconnecting (1/3)...
[18:52:47.464] [Global WebSocket] Suppressed error to prevent crash: Unexpected server response: 404
[18:52:47.464] [PAI SDK] WebSocket closed, reconnecting (1/3)...
[18:52:57.586] [Global WebSocket] Suppressed error to prevent crash: Unexpected server response: 404
[18:52:57.586] [PAI SDK] WebSocket closed, reconnecting (1/3)...
[18:53:07.731] [Global WebSocket] Suppressed error to prevent crash: Unexpected server response: 404
[18:53:07.731] [PAI SDK] WebSocket closed, reconnecting (1/3)...
[18:53:17.848] [Global WebSocket] Suppressed error to prevent crash: Unexpected server response: 404
[18:53:17.849] [PAI SDK] WebSocket closed, reconnecting (1/3)...
[18:53:27.958] [Global WebSocket] Suppressed error to prevent crash: Unexpected server response: 404
[18:53:27.958] [PAI SDK] WebSocket closed, reconnecting (1/3)...
[18:53:38.073] [Global WebSocket] Suppressed error to prevent crash: Unexpected server response: 404
[18:53:38.073] [PAI SDK] WebSocket closed, reconnecting (1/3)...
[18:53:48.184] [Global WebSocket] Suppressed error to prevent crash: Unexpected server response: 404
[18:53:48.185] [PAI SDK] WebSocket closed, reconnecting (1/3)...
[18:53:58.302] [Global WebSocket] Suppressed error to prevent crash: Unexpected server response: 404
[18:53:58.302] [PAI SDK] WebSocket closed, reconnecting (1/3)...
[18:54:08.416] [Global WebSocket] Suppressed error to prevent crash: Unexpected server response: 404
[18:54:08.416] [PAI SDK] WebSocket closed, reconnecting (1/3)...
[18:54:18.520] [Global WebSocket] Suppressed error to prevent crash: Unexpected server response: 404
[18:54:18.521] [PAI SDK] WebSocket closed, reconnecting (1/3)...
[18:54:28.715] [Global WebSocket] Suppressed error to prevent crash: Unexpected server response: 404
[18:54:28.715] [PAI SDK] WebSocket closed, reconnecting (1/3)...
[18:54:38.816] [Global WebSocket] Suppressed error to prevent crash: Unexpected server response: 404
[18:54:38.817] [PAI SDK] WebSocket closed, reconnecting (1/3)...
[18:54:48.921] [Global WebSocket] Suppressed error to prevent crash: Unexpected server response: 404
[18:54:48.921] [PAI SDK] WebSocket closed, reconnecting (1/3)...
[18:54:59.030] [Global WebSocket] Suppressed error to prevent crash: Unexpected server response: 404
[18:54:59.030] [PAI SDK] WebSocket closed, reconnecting (1/3)...
[18:55:09.186] [Global WebSocket] Suppressed error to prevent crash: Unexpected server response: 404
[18:55:09.186] [PAI SDK] WebSocket closed, reconnecting (1/3)...
[18:55:19.302] [Global WebSocket] Suppressed error to prevent crash: Unexpected server response: 404
[18:55:19.302] [PAI SDK] WebSocket closed, reconnecting (1/3)...
[18:55:29.420] [Global WebSocket] Suppressed error to prevent crash: Unexpected server response: 404
[18:55:29.420] [PAI SDK] WebSocket closed, reconnecting (1/3)...
[18:55:39.532] [Global WebSocket] Suppressed error to prevent crash: Unexpected server response: 404
[18:55:39.533] [PAI SDK] WebSocket closed, reconnecting (1/3)...
[18:55:49.671] [Global WebSocket] Suppressed error to prevent crash: Unexpected server response: 404
[18:55:49.671] [PAI SDK] WebSocket closed, reconnecting (1/3)...
[18:55:59.773] [Global WebSocket] Suppressed error to prevent crash: Unexpected server response: 404
[18:55:59.774] [PAI SDK] WebSocket closed, reconnecting (1/3)...
[18:56:09.879] [Global WebSocket] Suppressed error to prevent crash: Unexpected server response: 404
[18:56:09.879] [PAI SDK] WebSocket closed, reconnecting (1/3)...
[18:56:19.984] [Global WebSocket] Suppressed error to prevent crash: Unexpected server response: 404
[18:56:19.984] [PAI SDK] WebSocket closed, reconnecting (1/3)...
[18:56:30.104] [Global WebSocket] Suppressed error to prevent crash: Unexpected server response: 404
[18:56:30.105] [PAI SDK] WebSocket closed, reconnecting (1/3)...
[18:56:40.211] [Global WebSocket] Suppressed error to prevent crash: Unexpected server response: 404
[18:56:40.212] [PAI SDK] WebSocket closed, reconnecting (1/3)...
[18:56:50.357] [Global WebSocket] Suppressed error to prevent crash: Unexpected server response: 404
[18:56:50.358] [PAI SDK] WebSocket closed, reconnecting (1/3)...
[18:57:00.475] [Global WebSocket] Suppressed error to prevent crash: Unexpected server response: 404
[18:57:00.476] [PAI SDK] WebSocket closed, reconnecting (1/3)...
[18:57:10.593] [Global WebSocket] Suppressed error to prevent crash: Unexpected server response: 404
[18:57:10.593] [PAI SDK] WebSocket closed, reconnecting (1/3)...
[18:57:20.723] [Global WebSocket] Suppressed error to prevent crash: Unexpected server response: 404
[18:57:20.723] [PAI SDK] WebSocket closed, reconnecting (1/3)...
[18:57:30.838] [Global WebSocket] Suppressed error to prevent crash: Unexpected server response: 404
[18:57:30.839] [PAI SDK] WebSocket closed, reconnecting (1/3)...
[18:57:40.964] [Global WebSocket] Suppressed error to prevent crash: Unexpected server response: 404
[18:57:40.964] [PAI SDK] WebSocket closed, reconnecting (1/3)...
[18:57:51.949] [Global WebSocket] Suppressed error to prevent crash: Unexpected server response: 404
[18:57:51.949] [PAI SDK] WebSocket closed, reconnecting (1/3)...
[18:58:02.070] [Global WebSocket] Suppressed error to prevent crash: Unexpected server response: 404
[18:58:02.071] [PAI SDK] WebSocket closed, reconnecting (1/3)...
[18:58:12.190] [Global WebSocket] Suppressed error to prevent crash: Unexpected server response: 404
[18:58:12.191] [PAI SDK] WebSocket closed, reconnecting (1/3)...
[18:58:22.316] [Global WebSocket] Suppressed error to prevent crash: Unexpected server response: 404
[18:58:22.317] [PAI SDK] WebSocket closed, reconnecting (1/3)...
[18:58:32.416] [Global WebSocket] Suppressed error to prevent crash: Unexpected server response: 404
[18:58:32.416] [PAI SDK] WebSocket closed, reconnecting (1/3)...
[18:58:42.547] [Global WebSocket] Suppressed error to prevent crash: Unexpected server response: 404
[18:58:42.547] [PAI SDK] WebSocket closed, reconnecting (1/3)...
[18:58:52.642] [Global WebSocket] Suppressed error to prevent crash: Unexpected server response: 404
[18:58:52.642] [PAI SDK] WebSocket closed, reconnecting (1/3)...
[18:59:02.751] [Global WebSocket] Suppressed error to prevent crash: Unexpected server response: 404
[18:59:02.751] [PAI SDK] WebSocket closed, reconnecting (1/3)...
[18:59:12.861] [Global WebSocket] Suppressed error to prevent crash: Unexpected server response: 404
[18:59:12.861] [PAI SDK] WebSocket closed, reconnecting (1/3)...
[18:59:22.975] [Global WebSocket] Suppressed error to prevent crash: Unexpected server response: 404
[18:59:22.976] [PAI SDK] WebSocket closed, reconnecting (1/3)...
[18:59:27.223] [Preview Server] Frontend disconnected, clients size = 1
[18:59:27.355] [Preview Server] Frontend connected, clients size = 1
[18:59:27.356] [PAI SDK] Sandbox disconnected, recreating...
[18:59:29.005] [PAI SDK] Received event: log {"content":"\n> taro_template@1.0.0 dev:h5\n> npm run build:h5 -- --watch\n\n\n> taro_template@1.0.0 build:h5\n> taro build --type h5 --watch\n\n","timestamp":1786532368996}
[18:59:29.331] [PAI SDK] Received event: log {"content":"👽 Taro v4.1.9\n\n","timestamp":1786532369322}
[18:59:30.502] [PAI SDK] Received event: log {"content":"Tips:\n1. 建议开启持久化缓存功能，能有效提升二次编译速度，详情请参考: https://docs.taro.zone/docs/config-detail#cache。\n\n\n","timestamp":1786532370492}
[18:59:31.578] [PAI SDK] Received event: log {"content":"- 即将开始启动编译，请稍等~\n","timestamp":1786532371569}
[18:59:43.313] [PAI SDK] Received event: log {"content":"🙅   编译失败. 8/12/2026, 6:59:43 PM\n\n","timestamp":1786532383304}
[18:59:43.320] [PAI SDK] Sandbox recreated, sandboxId: vefaas-f0vkicge-zwx1wbt5u0-d9u543o2jfrdbl39r6o0-sandbox
[18:59:43.321] Sending cached status to new connection, lastStatusMessage = {"event":"status_change","message":{"url":"https://sd62opo6oqou1ckhsuo00.apigateway-cn-beijing.volceapi.com/?faasInstanceName=vefaas-f0vkicge-zwx1wbt5u0-d9u543o2jfrdbl39r6o0-sandbox&hash=pai-preview-trae-ff4dc67f","schema":"aipa://preview?type=pai&aipa_id=pai-preview-trae-ff4dc67f&uuid=1da16c05-6212-46d5-89b9-bacd74b75f89","status":"running","msg":"sandbox recreated","framework":"taro"}}
[18:59:43.425] [PAI SDK] Received event: log {"content":"resolve './pages/index/index' in '/tmp/pai-cloud-build/O1YAFZ-avJaLy9GlnIq5H/src'\n  using description file: /tmp/pai-cloud-build/O1YAFZ-avJaLy9GlnIq5H/package.json (relative path: ./src)\n    resolve multi platform file path\n      using description file: /tmp/pai-cloud-build/O1YAFZ-avJaLy9GlnIq5H/package.json (relative path: ./src)\n        Field 'browser' doesn't contain a valid alias configuration\n        root path /tmp/pai-cloud-build/O1YAFZ-avJaLy9GlnIq5H\n          using description file: /tmp/pai-cloud-build/O1YAFZ-avJaLy9GlnIq5H/package.json (relative path: ./tmp/pai-cloud-build/O1YAFZ-avJaLy9GlnIq5H/src/pages/index/index)\n            no extension\n              Field 'browser' doesn't contain a valid alias configuration\n              /tmp/pai-cloud-build/O1YAFZ-avJaLy9GlnIq5H/tmp/pai-cloud-build/O1YAFZ-avJaLy9GlnIq5H/src/pages/index/index doesn't exist\n            .js\n              Field 'browser' doesn't contain a valid alias configuration\n              /tmp/pai-cloud-build/O1YAFZ-avJaLy9GlnIq5H/tmp/pai-cloud-build/O1YAFZ-avJaLy9GlnIq5H/src/pages/index/index.js doesn't exist\n            .jsx\n              Field 'browser' doesn't contain a valid alias configuration\n              /tmp/pai-cloud-build/O1YAFZ-avJaLy9GlnIq5H/tmp/pai-cloud-build/O1YAFZ-avJaLy9GlnIq5H/src/pages/index/index.jsx doesn't exist\n            .ts\n              Field 'browser' doesn't contain a valid alias configuration\n              /tmp/pai-cloud-build/O1YAFZ-avJaLy9GlnIq5H/tmp/pai-cloud-build/O1YAFZ-avJaLy9GlnIq5H/src/pages/index/index.ts doesn't exist\n            .tsx\n              Field 'browser' doesn't contain a valid alias configuration\n              /tmp/pai-cloud-build/O1YAFZ-avJaLy9GlnIq5H/tmp/pai-cloud-build/O1YAFZ-avJaLy9GlnIq5H/src/pages/index/index.tsx doesn't exist\n            .mjs\n              Field 'browser' doesn't contain a valid alias configuration\n              /tmp/pai-cloud-build/O1YAFZ-avJaLy9GlnIq5H/tmp/pai-cloud-build/O1YAFZ-avJaLy9GlnIq5H/src/pages/index/index.mjs doesn't exist\n            .vue\n              Field 'browser' doesn't contain a valid alias configuration\n              /tmp/pai-cloud-build/O1YAFZ-avJaLy9GlnIq5H/tmp/pai-cloud-build/O1YAFZ-avJaLy9GlnIq5H/src/pages/index/index.vue doesn't exist\n            as directory\n              /tmp/pai-cloud-build/O1YAFZ-avJaLy9GlnIq5H/tmp/pai-cloud-build/O1YAFZ-avJaLy9GlnIq5H/src/pages/index/index doesn't exist\n        using description file: /tmp/pai-cloud-build/O1YAFZ-avJaLy9GlnIq5H/package.json (relative path: ./src/pages/index/index)\n          no extension\n            Field 'browser' doesn't contain a valid alias configuration\n            /tmp/pai-cloud-build/O1YAFZ-avJaLy9GlnIq5H/src/pages/index/index doesn't exist\n          .js\n            Field 'browser' doesn't contain a valid alias configuration\n            /tmp/pai-cloud-build/O1YAFZ-avJaLy9GlnIq5H/src/pages/index/index.js doesn't exist\n          .jsx\n            Field 'browser' doesn't contain a valid alias configuration\n            /tmp/pai-cloud-build/O1YAFZ-avJaLy9GlnIq5H/src/pages/index/index.jsx doesn't exist\n          .ts\n            Field 'browser' doesn't contain a valid alias configuration\n            /tmp/pai-cloud-build/O1YAFZ-avJaLy9GlnIq5H/src/pages/index/index.ts doesn't exist\n          .tsx\n            Field 'browser' doesn't contain a valid alias configuration\n            /tmp/pai-cloud-build/O1YAFZ-avJaLy9GlnIq5H/src/pages/index/index.tsx doesn't exist\n          .mjs\n            Field 'browser' doesn't contain a valid alias configuration\n            /tmp/pai-cloud-build/O1YAFZ-avJaLy9GlnIq5H/src/pages/index/index.mjs doesn't exist\n          .vue\n            Field 'browser' doesn't contain a valid alias configuration\n            /tmp/pai-cloud-build/O1YAFZ-avJaLy9GlnIq5H/src/pages/index/index.vue doesn't exist\n          as directory\n            /tmp/pai-cloud-build/O1YAFZ-avJaLy9GlnIq5H/src/pages/index/index doesn't exist\n\n\nℹ️  Listening at http://9.96.163.204:10086/\n\n监听文件修改中...\n\n","timestamp":1786532383416}
[18:59:43.433] [PAI SDK] Received event: compile_error [{"filename":"","lineNumber":0,"description":"ERROR in ./src/app.config.ts 41:15-44\nModule not found: Error: Can't resolve './pages/index/index' in '/src'\nresolve './pages/index/index' in '/src'\n  using description file: /package.json (relative path: ./src)\n    resolve multi platform file path\n      using description file: /package.json (relative path: ./src)\n        Field 'browser' doesn't contain a valid alias configuration\n        root path /package.json (relative path: ./src/pages/index/index)\n            no extension\n              Field 'browser' doesn't contain a valid alias configuration\n              /src/pages/index/index doesn't exist\n            .js\n              Field 'browser' doesn't contain a valid alias configuration\n              /src/pages/index/index.js doesn't exist\n            .jsx\n              Field 'browser' doesn't contain a valid alias configuration\n              /src/pages/index/index.jsx doesn't exist\n            .ts\n              Field 'browser' doesn't contain a valid alias configuration\n              /src/pages/index/index.ts doesn't exist\n            .tsx\n              Field 'browser' doesn't contain a valid alias configuration\n              /src/pages/index/index.tsx doesn't exist\n            .mjs\n              Field 'browser' doesn't contain a valid alias configuration\n              /src/pages/index/index.mjs doesn't exist\n            .vue\n              Field 'browser' doesn't contain a valid alias configuration\n              /src/pages/index/index.vue doesn't exist\n            as directory\n              /src/pages/index/index doesn't exist\n        using description file: /package.json (relative path: ./src/pages/index/index)\n          no extension\n            Field 'browser' doesn't contain a valid alias configuration\n            /src/pages/index/index doesn't exist\n          .js\n            Field 'browser' doesn't contain a valid alias configuration\n            /src/pages/index/index.js doesn't exist\n          .jsx\n            Field 'browser' doesn't contain a valid alias configuration\n            /src/pages/index/index.jsx doesn't exist\n          .ts\n            Field 'browser' doesn't contain a valid alias configuration\n            /src/pages/index/index.ts doesn't exist\n          .tsx\n            Field 'browser' doesn't contain a valid alias configuration\n            /src/pages/index/index.tsx doesn't exist\n          .mjs\n            Field 'browser' doesn't contain a valid alias configuration\n            /src/pages/index/index.mjs doesn't exist\n          .vue\n            Field 'browser' doesn't contain a valid alias configuration\n            /src/pages/index/index.vue doesn't exist\n          as directory\n            /src/pages/index/index doesn't exist","timestamp":1786532383424}]
[19:00:03.115] File change detected. Updating...
[19:00:03.141] readProjectFiles, Found 65 files to read.
[19:00:03.226] Files read. Count: 65
[19:00:03.227] Calling pai.updateCloudDev...
[19:00:03.229] [PAI SDK] cloudServer.update called, appId: pai-preview-trae-ff4dc67f
[19:00:03.322] [PAI SDK] Received event: reload {"url":"aipa://pai-preview-trae-ff4dc67f.aipa-cloud.bytedance.net?type=pai","timestamp":1786532403314}
[19:00:03.323] [PAI SDK] CloudServer received reload event: {"url":"aipa://pai-preview-trae-ff4dc67f.aipa-cloud.bytedance.net?type=pai","timestamp":1786532403314}
[19:00:03.323] [PAI SDK] reload, url = https://sd62opo6oqou1ckhsuo00.apigateway-cn-beijing.volceapi.com/?faasInstanceName=vefaas-f0vkicge-zwx1wbt5u0-d9u543o2jfrdbl39r6o0-sandbox&hash=pai-preview-trae-ff4dc67f
[19:00:03.324] [PAI SDK] cloudServer.update response: {
  "status": "running",
  "reload": false,
  "hash": "pai-preview-trae-ff4dc67f"
}
[19:00:03.324] Update success (pai.updateCloudDev returned)
[19:00:03.549] [PAI SDK] Received event: log {"content":"✘ [ERROR] Expected identifier but found end of file\n\n    src/app.config.ts:16:0:\n      16 │ \n         ╵ ^\n\n","timestamp":1786532403541}
[19:00:03.671] [PAI SDK] Received event: compile_error [{"filename":"","lineNumber":0,"description":"Error: Build failed with 1 error:\nsrc/app.config.ts:16:0: ERROR: Expected identifier but found end of file\n\n→ Watching... [8/12/2026, 7:00:03 PM]\n\n","timestamp":1786532403662}]
[19:00:03.715] [PAI SDK] Received event: log {"content":"🙅   编译失败. 8/12/2026, 7:00:03 PM\n\n","timestamp":1786532403707}
[19:00:03.716] [PAI SDK] Received event: compile_error [{"filename":"","lineNumber":0,"description":"Error: Build failed with 1 error:\nsrc/app.config.ts:16:0: ERROR: Expected identifier but found end of file\n\n","timestamp":1786532403707}]
[19:00:03.733] [PAI SDK] Received event: compile_error [{"filename":"","lineNumber":0,"description":"ERROR in ./src/app.config.ts\nBuild failed with 1 error:\nsrc/app.config.ts:16:0: ERROR: Expected identifier but found end of file\n\nERROR in ./src/app.config.ts\nCannot read properties of undefined (reading 'length')\nTypeError: Cannot read properties of undefined (reading 'length')","timestamp":1786532403724}]
[19:00:03.769] [PAI SDK] Received event: log {"content":"✖ Errors: \n\n","timestamp":1786532403761}
[19:00:08.586] File change detected. Updating...
[19:00:08.604] readProjectFiles, Found 65 files to read.
[19:00:08.664] Files read. Count: 65
[19:00:08.664] Calling pai.updateCloudDev...
[19:00:08.665] [PAI SDK] cloudServer.update called, appId: pai-preview-trae-ff4dc67f
[19:00:08.753] [PAI SDK] Received event: reload {"url":"aipa://pai-preview-trae-ff4dc67f.aipa-cloud.bytedance.net?type=pai","timestamp":1786532408745}
[19:00:08.754] [PAI SDK] CloudServer received reload event: {"url":"aipa://pai-preview-trae-ff4dc67f.aipa-cloud.bytedance.net?type=pai","timestamp":1786532408745}
[19:00:08.754] [PAI SDK] reload, url = https://sd62opo6oqou1ckhsuo00.apigateway-cn-beijing.volceapi.com/?faasInstanceName=vefaas-f0vkicge-zwx1wbt5u0-d9u543o2jfrdbl39r6o0-sandbox&hash=pai-preview-trae-ff4dc67f
[19:00:08.754] [PAI SDK] cloudServer.update response: {
  "status": "running",
  "reload": false,
  "hash": "pai-preview-trae-ff4dc67f"
}
[19:00:08.754] Update success (pai.updateCloudDev returned)
[19:00:11.922] [PAI SDK] Received event: log {"content":"🙅   编译失败. 8/12/2026, 7:00:11 PM\n\n","timestamp":1786532411914}
[19:00:12.002] [PAI SDK] Received event: compile_error [{"filename":"","lineNumber":0,"description":"ERROR in ./src/components/MemberCard/index.tsx 6:0-84\nModule not found: Error: Can't resolve '@/types/member' in '/src/components/MemberCard'\n   @ ./src/pages/family/index.tsx\n   @ ./src/app.config.ts\n\nERROR in ./src/pages/member-detail/index.tsx 9:0-84\nModule not found: Error: Can't resolve '@/types/member' in '/src/pages/member-detail'\n   @ ./src/app.config.ts\n\nERROR in ./src/components/MemberCard/index.module.scss (../../../var/cache/pai-dev-server/prewarm/taro/0432e9adac405f3a05e1ffc58a9ab755/node_modules/.pnpm/css-loader@7.1.4_webpack@5.78.0_@swc+core@1.3.96_postcss@8.5.16_/node_modules/css-loader/dist/cjs.js??ruleSet[1].rules[2].oneOf[0].use[0]!../../../var/cache/pai-dev-server/prewarm/taro/0432e9adac405f3a05e1ffc58a9ab755/node_modules/.pnpm/postcss-loader@8.2.1_postcss@8.5.16_typescript@5.9.3_webpack@5.78.0_@swc+core@1.3.96_postcss@8.5.16_/node_modules/postcss-loader/dist/cjs.js??ruleSet[1].rules[3].use[0]!../../../var/cache/pai-dev-server/prewarm/taro/0432e9adac405f3a05e1ffc58a9ab755/node_modules/.pnpm/resolve-url-loader@5.0.0/node_modules/resolve-url-loader/index.js!../../../var/cache/pai-dev-server/prewarm/taro/0432e9adac405f3a05e1ffc58a9ab755/node_modules/.pnpm/sass-loader@14.2.1_sass@1.101.0_webpack@5.78.0_@swc+core@1.3.96_postcss@8.5.16_/node_modules/sass-loader/dist/cjs.js??ruleSet[1].rules[5].use[1]!./src/components/MemberCard/index.module.scss)\nModule build failed (from ../../../var/cache/pai-dev-server/prewarm/taro/0432e9adac405f3a05e1ffc58a9ab755/node_modules/.pnpm/sass-loader@14.2.1_sass@1.101.0_webpack@5.78.0_@swc+core@1.3.96_postcss@8.5.16_/node_modules/sass-loader/dist/cjs.js):\nUndefined variable.\n   ╷\n22 │   &.excellent { border-color: $color-gold; }\n   │                               ^^^^^^^^^^^\n   ╵\n  src/components/MemberCard/index.module.scss 22:31  root stylesheet\n   @ ./src/components/MemberCard/index.module.scss\n   @ ./src/components/MemberCard/index.tsx\n   @ ./src/pages/family/index.tsx\n   @ ./src/app.config.ts\n\nERROR in ./src/pages/add-child/index.module.scss (../../../var/cache/pai-dev-server/prewarm/taro/0432e9adac405f3a05e1ffc58a9ab755/node_modules/.pnpm/css-loader@7.1.4_webpack@5.78.0_@swc+core@1.3.96_postcss@8.5.16_/node_modules/css-loader/dist/cjs.js??ruleSet[1].rules[2].oneOf[0].use[0]!../../../var/cache/pai-dev-server/prewarm/taro/0432e9adac405f3a05e1ffc58a9ab755/node_modules/.pnpm/postcss-loader@8.2.1_postcss@8.5.16_typescript@5.9.3_webpack@5.78.0_@swc+core@1.3.96_postcss@8.5.16_/node_modules/postcss-loader/dist/cjs.js??ruleSet[1].rules[3].use[0]!../../../var/cache/pai-dev-server/prewarm/taro/0432e9adac405f3a05e1ffc58a9ab755/node_modules/.pnpm/resolve-url-loader@5.0.0/node_modules/resolve-url-loader/index.js!../../../var/cache/pai-dev-server/prewarm/taro/0432e9adac405f3a05e1ffc58a9ab755/node_modules/.pnpm/sass-loader@14.2.1_sass@1.101.0_webpack@5.78.0_@swc+core@1.3.96_postcss@8.5.16_/node_modules/sass-loader/dist/cjs.js??ruleSet[1].rules[5].use[1]!./src/pages/add-child/index.module.scss)\nModule build failed (from ../../../var/cache/pai-dev-server/prewarm/taro/0432e9adac405f3a05e1ffc58a9ab755/node_modules/.pnpm/sass-loader@14.2.1_sass@1.101.0_webpack@5.78.0_@swc+core@1.3.96_postcss@8.5.16_/node_modules/sass-loader/dist/cjs.js):\nUndefined variable.\n   ╷\n50 │   background: linear-gradient(135deg, $color-treasure 0%, $color-warning 100%);\n   │                                       ^^^^^^^^^^^^^^^\n   ╵\n  src/pages/add-child/index.module.scss 50:39  root stylesheet\n   @ ./src/pages/add-child/index.module.scss\n   @ ./src/pages/add-child/index.tsx\n   @ ./src/app.config.ts\n\nERROR in ./src/pages/family/index.module.scss (../../../var/cache/pai-dev-server/prewarm/taro/0432e9adac405f3a05e1ffc58a9ab755/node_modules/.pnpm/css-loader@7.1.4_webpack@5.78.0_@swc+core@1.3.96_postcss@8.5.16_/node_modules/css-loader/dist/cjs.js??ruleSet[1].rules[2].oneOf[0].use[0]!../../../var/cache/pai-dev-server/prewarm/taro/0432e9adac405f3a05e1ffc58a9ab755/node_modules/.pnpm/postcss-loader@8.2.1_postcss@8.5.16_typescript@5.9.3_webpack@5.78.0_@swc+core@1.3.96_postcss@8.5.16_/node_modules/postcss-loader/dist/cjs.js??ruleSet[1].rules[3].use[0]!../../../var/cache/pai-dev-server/prewarm/taro/0432e9adac405f3a05e1ffc58a9ab755/node_modules/.pnpm/resolve-url-loader@5.0.0/node_modules/resolve-url-loader/index.js!../../../var/cache/pai-dev-server/prewarm/taro/0432e9adac405f3a05e1ffc58a9ab755/node_modules/.pnpm/sass-loader@14.2.1_sass@1.101.0_webpack@5.78.0_@swc+core@1.3.96_postcss@8.5.16_/node_modules/sass-loader/dist/cjs.js??ruleSet[1].rules[5].use[1]!./src/pages/family/index.module.scss)\nModule build failed (from ../../../var/cache/pai-dev-server/prewarm/taro/0432e9adac405f3a05e1ffc58a9ab755/node_modules/.pnpm/sass-loader@14.2.1_sass@1.101.0_webpack@5.78.0_@swc+core@1.3.96_postcss@8.5.16_/node_modules/sass-loader/dist/cjs.js):\nUndefined variable.\n    ╷\n188 │   color: $color-gold;\n    │          ^^^^^^^^^^^\n    ╵\n  src/pages/family/index.module.scss 188:10  root stylesheet\n   @ ./src/pages/family/index.module.scss\n   @ ./src/pages/family/index.tsx\n   @ ./src/app.config.ts\n\nERROR in ./src/pages/member-detail/index.module.scss (../../../var/cache/pai-dev-server/prewarm/taro/0432e9adac405f3a05e1ffc58a9ab755/node_modules/.pnpm/css-loader@7.1.4_webpack@5.78.0_@swc+core@1.3.96_postcss@8.5.16_/node_modules/css-loader/dist/cjs.js??ruleSet[1].rules[2].oneOf[0].use[0]!../../../var/cache/pai-dev-server/prewarm/taro/0432e9adac405f3a05e1ffc58a9ab755/node_modules/.pnpm/postcss-loader@8.2.1_postcss@8.5.16_typescript@5.9.3_webpack@5.78.0_@swc+core@1.3.96_postcss@8.5.16_/node_modules/postcss-loader/dist/cjs.js??ruleSet[1].rules[3].use[0]!../../../var/cache/pai-dev-server/prewarm/taro/0432e9adac405f3a05e1ffc58a9ab755/node_modules/.pnpm/resolve-url-loader@5.0.0/node_modules/resolve-url-loader/index.js!../../../var/cache/pai-dev-server/prewarm/taro/0432e9adac405f3a05e1ffc58a9ab755/node_modules/.pnpm/sass-loader@14.2.1_sass@1.101.0_webpack@5.78.0_@swc+core@1.3.96_postcss@8.5.16_/node_modules/sass-loader/dist/cjs.js??ruleSet[1].rules[5].use[1]!./src/pages/member-detail/index.module.scss)\nModule build failed (from ../../../var/cache/pai-dev-server/prewarm/taro/0432e9adac405f3a05e1ffc58a9ab755/node_modules/.pnpm/sass-loader@14.2.1_sass@1.101.0_webpack@5.78.0_@swc+core@1.3.96_postcss@8.5.16_/node_modules/sass-loader/dist/cjs.js):\nUndefined variable.\n   ╷\n48 │   background: $color-gold;\n   │               ^^^^^^^^^^^\n   ╵\n  src/pages/member-detail/index.module.scss 48:15  root stylesheet\n   @ ./src/pages/member-detail/index.module.scss\n   @ ./src/pages/member-detail/index.tsx\n   @ ./src/app.config.ts\n\nERROR in ./src/pages/servant/index.module.scss (../../../var/cache/pai-dev-server/prewarm/taro/0432e9adac405f3a05e1ffc58a9ab755/node_modules/.pnpm/css-loader@7.1.4_webpack@5.78.0_@swc+core@1.3.96_postcss@8.5.16_/node_modules/css-loader/dist/cjs.js??ruleSet[1].rules[2].oneOf[0].use[0]!../../../var/cache/pai-dev-server/prewarm/taro/0432e9adac405f3a05e1ffc58a9ab755/node_modules/.pnpm/postcss-loader@8.2.1_postcss@8.5.16_typescript@5.9.3_webpack@5.78.0_@swc+core@1.3.96_postcss@8.5.16_/node_modules/postcss-loader/dist/cjs.js??ruleSet[1].rules[3].use[0]!../../../var/cache/pai-dev-server/prewarm/taro/0432e9adac405f3a05e1ffc58a9ab755/node_modules/.pnpm/resolve-url-loader@5.0.0/node_modules/resolve-url-loader/index.js!../../../var/cache/pai-dev-server/prewarm/taro/0432e9adac405f3a05e1ffc58a9ab755/node_modules/.pnpm/sass-loader@14.2.1_sass@1.101.0_webpack@5.78.0_@swc+core@1.3.96_postcss@8.5.16_/node_modules/sass-loader/dist/cjs.js??ruleSet[1].rules[5].use[1]!./src/pages/servant/index.module.scss)\nModule build failed (from ../../../var/cache/pai-dev-server/prewarm/taro/0432e9adac405f3a05e1ffc58a9ab755/node_modules/.pnpm/sass-loader@14.2.1_sass@1.101.0_webpack@5.78.0_@swc+core@1.3.96_postcss@8.5.16_/node_modules/sass-loader/dist/cjs.js):\nUndefined variable.\n   ╷\n25 │   background: $color-bg-card-dark;\n   │               ^^^^^^^^^^^^^^^^^^^\n   ╵\n  src/pages/servant/index.module.scss 25:15  root stylesheet\n   @ ./src/pages/servant/index.module.scss\n   @ ./src/pages/servant/index.tsx\n   @ ./src/app.config.ts\n\nERROR in ./src/pages/shop/index.module.scss (../../../var/cache/pai-dev-server/prewarm/taro/0432e9adac405f3a05e1ffc58a9ab755/node_modules/.pnpm/css-loader@7.1.4_webpack@5.78.0_@swc+core@1.3.96_postcss@8.5.16_/node_modules/css-loader/dist/cjs.js??ruleSet[1].rules[2].oneOf[0].use[0]!../../../var/cache/pai-dev-server/prewarm/taro/0432e9adac405f3a05e1ffc58a9ab755/node_modules/.pnpm/postcss-loader@8.2.1_postcss@8.5.16_typescript@5.9.3_webpack@5.78.0_@swc+core@1.3.96_postcss@8.5.16_/node_modules/postcss-loader/dist/cjs.js??ruleSet[1].rules[3].use[0]!../../../var/cache/pai-dev-server/prewarm/taro/0432e9adac405f3a05e1ffc58a9ab755/node_modules/.pnpm/resolve-url-loader@5.0.0/node_modules/resolve-url-loader/index.js!../../../var/cache/pai-dev-server/prewarm/taro/0432e9adac405f3a05e1ffc58a9ab755/node_modules/.pnpm/sass-loader@14.2.1_sass@1.101.0_webpack@5.78.0_@swc+core@1.3.96_postcss@8.5.16_/node_modules/sass-loader/dist/cjs.js??ruleSet[1].rules[5].use[1]!./src/pages/shop/index.module.scss)\nModule build failed (from ../../../var/cache/pai-dev-server/prewarm/taro/0432e9adac405f3a05e1ffc58a9ab755/node_modules/.pnpm/sass-loader@14.2.1_sass@1.101.0_webpack@5.78.0_@swc+core@1.3.96_postcss@8.5.16_/node_modules/sass-loader/dist/cjs.js):\nUndefined variable.\n   ╷\n28 │   width: 80rpx; height: 80rpx; background: $color-bg-card-dark;\n   │                                            ^^^^^^^^^^^^^^^^^^^\n   ╵\n  src/pages/shop/index.module.scss 28:44  root stylesheet\n   @ ./src/pages/shop/index.module.scss\n   @ ./src/pages/shop/index.tsx\n   @ ./src/app.config.ts\n\nERROR in ./src/pages/tree/index.module.scss (../../../var/cache/pai-dev-server/prewarm/taro/0432e9adac405f3a05e1ffc58a9ab755/node_modules/.pnpm/css-loader@7.1.4_webpack@5.78.0_@swc+core@1.3.96_postcss@8.5.16_/node_modules/css-loader/dist/cjs.js??ruleSet[1].rules[2].oneOf[0].use[0]!../../../var/cache/pai-dev-server/prewarm/taro/0432e9adac405f3a05e1ffc58a9ab755/node_modules/.pnpm/postcss-loader@8.2.1_postcss@8.5.16_typescript@5.9.3_webpack@5.78.0_@swc+core@1.3.96_postcss@8.5.16_/node_modules/postcss-loader/dist/cjs.js??ruleSet[1].rules[3].use[0]!../../../var/cache/pai-dev-server/prewarm/taro/0432e9adac405f3a05e1ffc58a9ab755/node_modules/.pnpm/resolve-url-loader@5.0.0/node_modules/resolve-url-loader/index.js!../../../var/cache/pai-dev-server/prewarm/taro/0432e9adac405f3a05e1ffc58a9ab755/node_modules/.pnpm/sass-loader@14.2.1_sass@1.101.0_webpack@5.78.0_@swc+core@1.3.96_postcss@8.5.16_/node_modules/sass-loader/dist/cjs.js??ruleSet[1].rules[5].use[1]!./src/pages/tree/index.module.scss)\nModule build failed (from ../../../var/cache/pai-dev-server/prewarm/taro/0432e9adac405f3a05e1ffc58a9ab755/node_modules/.pnpm/sass-loader@14.2.1_sass@1.101.0_webpack@5.78.0_@swc+core@1.3.96_postcss@8.5.16_/node_modules/sass-loader/dist/cjs.js):\nUndefined variable.\n  ╷\n5 │   background: linear-gradient(180deg, #E8F5E9 0%, $color-bg-page 40%, $color-bg-card-dark 100%);\n  │                                                                       ^^^^^^^^^^^^^^^^^^^\n  ╵\n  src/pages/tree/index.module.scss 5:71  root stylesheet\n   @ ./src/pages/tree/index.module.scss\n   @ ./src/pages/tree/index.tsx\n   @ ./src/app.config.ts\n\n2 errors have detailed information that is not shown.\nUse 'stats.errorDetails: true' resp. '--stats-error-details' to show it.","timestamp":1786532411985}]
[19:00:12.022] [PAI SDK] Received event: log {"content":"resolve '@/types/member' in '/tmp/pai-cloud-build/O1YAFZ-avJaLy9GlnIq5H/src/components/MemberCard'\n  Parsed request is a module\n  using description file: /tmp/pai-cloud-build/O1YAFZ-avJaLy9GlnIq5H/package.json (relative path: ./src/components/MemberCard)\n    Field 'browser' doesn't contain a valid alias configuration\n    resolve as module\n      /tmp/pai-cloud-build/O1YAFZ-avJaLy9GlnIq5H/src/components/MemberCard/node_modules doesn't exist or is not a directory\n      /tmp/pai-cloud-build/O1YAFZ-avJaLy9GlnIq5H/src/components/node_modules doesn't exist or is not a directory\n      /tmp/pai-cloud-build/O1YAFZ-avJaLy9GlnIq5H/src/node_modules doesn't exist or is not a directory\n      looking for modules in /tmp/pai-cloud-build/O1YAFZ-avJaLy9GlnIq5H/node_modules\n        /tmp/pai-cloud-build/O1YAFZ-avJaLy9GlnIq5H/node_modules/@/types doesn't exist\n      /tmp/pai-cloud-build/node_modules doesn't exist or is not a directory\n      /tmp/node_modules doesn't exist or is not a directory\n      /node_modules doesn't exist or is not a directory\n\n","timestamp":1786532412014}
[19:00:21.107] File change detected. Updating...
[19:00:21.125] readProjectFiles, Found 65 files to read.
[19:00:21.182] Files read. Count: 65
[19:00:21.183] Calling pai.updateCloudDev...
[19:00:21.183] [PAI SDK] cloudServer.update called, appId: pai-preview-trae-ff4dc67f
[19:00:21.272] [PAI SDK] Received event: reload {"url":"aipa://pai-preview-trae-ff4dc67f.aipa-cloud.bytedance.net?type=pai","timestamp":1786532421264}
[19:00:21.272] [PAI SDK] CloudServer received reload event: {"url":"aipa://pai-preview-trae-ff4dc67f.aipa-cloud.bytedance.net?type=pai","timestamp":1786532421264}
[19:00:21.272] [PAI SDK] reload, url = https://sd62opo6oqou1ckhsuo00.apigateway-cn-beijing.volceapi.com/?faasInstanceName=vefaas-f0vkicge-zwx1wbt5u0-d9u543o2jfrdbl39r6o0-sandbox&hash=pai-preview-trae-ff4dc67f
[19:00:21.273] [PAI SDK] cloudServer.update response: {
  "status": "running",
  "reload": false,
  "hash": "pai-preview-trae-ff4dc67f"
}
[19:00:21.273] Update success (pai.updateCloudDev returned)
[19:00:21.325] [PAI SDK] Received event: log {"content":"<i> [webpack-dev-middleware] wait until bundle finished: /\n","timestamp":1786532421316}
[19:00:22.474] [PAI SDK] Received event: log {"content":"🙅   编译失败. 8/12/2026, 7:00:22 PM\n\n","timestamp":1786532422466}
[19:00:22.511] [PAI SDK] Received event: compile_error [{"filename":"","lineNumber":0,"description":"ERROR in ./src/components/MemberCard/index.tsx 6:0-84\nModule not found: Error: Can't resolve '@/types/member' in '/src/components/MemberCard'\n   @ ./src/pages/family/index.tsx\n   @ ./src/app.config.ts\n\nERROR in ./src/pages/member-detail/index.tsx 9:0-84\nModule not found: Error: Can't resolve '@/types/member' in '/src/pages/member-detail'\n   @ ./src/app.config.ts\n\nERROR in ./src/components/MemberCard/index.module.scss (../../../var/cache/pai-dev-server/prewarm/taro/0432e9adac405f3a05e1ffc58a9ab755/node_modules/.pnpm/css-loader@7.1.4_webpack@5.78.0_@swc+core@1.3.96_postcss@8.5.16_/node_modules/css-loader/dist/cjs.js??ruleSet[1].rules[2].oneOf[0].use[0]!../../../var/cache/pai-dev-server/prewarm/taro/0432e9adac405f3a05e1ffc58a9ab755/node_modules/.pnpm/postcss-loader@8.2.1_postcss@8.5.16_typescript@5.9.3_webpack@5.78.0_@swc+core@1.3.96_postcss@8.5.16_/node_modules/postcss-loader/dist/cjs.js??ruleSet[1].rules[3].use[0]!../../../var/cache/pai-dev-server/prewarm/taro/0432e9adac405f3a05e1ffc58a9ab755/node_modules/.pnpm/resolve-url-loader@5.0.0/node_modules/resolve-url-loader/index.js!../../../var/cache/pai-dev-server/prewarm/taro/0432e9adac405f3a05e1ffc58a9ab755/node_modules/.pnpm/sass-loader@14.2.1_sass@1.101.0_webpack@5.78.0_@swc+core@1.3.96_postcss@8.5.16_/node_modules/sass-loader/dist/cjs.js??ruleSet[1].rules[5].use[1]!./src/components/MemberCard/index.module.scss)\nModule build failed (from ../../../var/cache/pai-dev-server/prewarm/taro/0432e9adac405f3a05e1ffc58a9ab755/node_modules/.pnpm/sass-loader@14.2.1_sass@1.101.0_webpack@5.78.0_@swc+core@1.3.96_postcss@8.5.16_/node_modules/sass-loader/dist/cjs.js):\nUndefined variable.\n   ╷\n22 │   &.excellent { border-color: $color-gold; }\n   │                               ^^^^^^^^^^^\n   ╵\n  src/components/MemberCard/index.module.scss 22:31  root stylesheet\n   @ ./src/components/MemberCard/index.module.scss\n   @ ./src/components/MemberCard/index.tsx\n   @ ./src/pages/family/index.tsx\n   @ ./src/app.config.ts\n\nERROR in ./src/pages/add-child/index.module.scss (../../../var/cache/pai-dev-server/prewarm/taro/0432e9adac405f3a05e1ffc58a9ab755/node_modules/.pnpm/css-loader@7.1.4_webpack@5.78.0_@swc+core@1.3.96_postcss@8.5.16_/node_modules/css-loader/dist/cjs.js??ruleSet[1].rules[2].oneOf[0].use[0]!../../../var/cache/pai-dev-server/prewarm/taro/0432e9adac405f3a05e1ffc58a9ab755/node_modules/.pnpm/postcss-loader@8.2.1_postcss@8.5.16_typescript@5.9.3_webpack@5.78.0_@swc+core@1.3.96_postcss@8.5.16_/node_modules/postcss-loader/dist/cjs.js??ruleSet[1].rules[3].use[0]!../../../var/cache/pai-dev-server/prewarm/taro/0432e9adac405f3a05e1ffc58a9ab755/node_modules/.pnpm/resolve-url-loader@5.0.0/node_modules/resolve-url-loader/index.js!../../../var/cache/pai-dev-server/prewarm/taro/0432e9adac405f3a05e1ffc58a9ab755/node_modules/.pnpm/sass-loader@14.2.1_sass@1.101.0_webpack@5.78.0_@swc+core@1.3.96_postcss@8.5.16_/node_modules/sass-loader/dist/cjs.js??ruleSet[1].rules[5].use[1]!./src/pages/add-child/index.module.scss)\nModule build failed (from ../../../var/cache/pai-dev-server/prewarm/taro/0432e9adac405f3a05e1ffc58a9ab755/node_modules/.pnpm/sass-loader@14.2.1_sass@1.101.0_webpack@5.78.0_@swc+core@1.3.96_postcss@8.5.16_/node_modules/sass-loader/dist/cjs.js):\nUndefined variable.\n   ╷\n50 │   background: linear-gradient(135deg, $color-treasure 0%, $color-warning 100%);\n   │                                       ^^^^^^^^^^^^^^^\n   ╵\n  src/pages/add-child/index.module.scss 50:39  root stylesheet\n   @ ./src/pages/add-child/index.module.scss\n   @ ./src/pages/add-child/index.tsx\n   @ ./src/app.config.ts\n\nERROR in ./src/pages/family/index.module.scss (../../../var/cache/pai-dev-server/prewarm/taro/0432e9adac405f3a05e1ffc58a9ab755/node_modules/.pnpm/css-loader@7.1.4_webpack@5.78.0_@swc+core@1.3.96_postcss@8.5.16_/node_modules/css-loader/dist/cjs.js??ruleSet[1].rules[2].oneOf[0].use[0]!../../../var/cache/pai-dev-server/prewarm/taro/0432e9adac405f3a05e1ffc58a9ab755/node_modules/.pnpm/postcss-loader@8.2.1_postcss@8.5.16_typescript@5.9.3_webpack@5.78.0_@swc+core@1.3.96_postcss@8.5.16_/node_modules/postcss-loader/dist/cjs.js??ruleSet[1].rules[3].use[0]!../../../var/cache/pai-dev-server/prewarm/taro/0432e9adac405f3a05e1ffc58a9ab755/node_modules/.pnpm/resolve-url-loader@5.0.0/node_modules/resolve-url-loader/index.js!../../../var/cache/pai-dev-server/prewarm/taro/0432e9adac405f3a05e1ffc58a9ab755/node_modules/.pnpm/sass-loader@14.2.1_sass@1.101.0_webpack@5.78.0_@swc+core@1.3.96_postcss@8.5.16_/node_modules/sass-loader/dist/cjs.js??ruleSet[1].rules[5].use[1]!./src/pages/family/index.module.scss)\nModule build failed (from ../../../var/cache/pai-dev-server/prewarm/taro/0432e9adac405f3a05e1ffc58a9ab755/node_modules/.pnpm/sass-loader@14.2.1_sass@1.101.0_webpack@5.78.0_@swc+core@1.3.96_postcss@8.5.16_/node_modules/sass-loader/dist/cjs.js):\nUndefined variable.\n    ╷\n188 │   color: $color-gold;\n    │          ^^^^^^^^^^^\n    ╵\n  src/pages/family/index.module.scss 188:10  root stylesheet\n   @ ./src/pages/family/index.module.scss\n   @ ./src/pages/family/index.tsx\n   @ ./src/app.config.ts\n\nERROR in ./src/pages/member-detail/index.module.scss (../../../var/cache/pai-dev-server/prewarm/taro/0432e9adac405f3a05e1ffc58a9ab755/node_modules/.pnpm/css-loader@7.1.4_webpack@5.78.0_@swc+core@1.3.96_postcss@8.5.16_/node_modules/css-loader/dist/cjs.js??ruleSet[1].rules[2].oneOf[0].use[0]!../../../var/cache/pai-dev-server/prewarm/taro/0432e9adac405f3a05e1ffc58a9ab755/node_modules/.pnpm/postcss-loader@8.2.1_postcss@8.5.16_typescript@5.9.3_webpack@5.78.0_@swc+core@1.3.96_postcss@8.5.16_/node_modules/postcss-loader/dist/cjs.js??ruleSet[1].rules[3].use[0]!../../../var/cache/pai-dev-server/prewarm/taro/0432e9adac405f3a05e1ffc58a9ab755/node_modules/.pnpm/resolve-url-loader@5.0.0/node_modules/resolve-url-loader/index.js!../../../var/cache/pai-dev-server/prewarm/taro/0432e9adac405f3a05e1ffc58a9ab755/node_modules/.pnpm/sass-loader@14.2.1_sass@1.101.0_webpack@5.78.0_@swc+core@1.3.96_postcss@8.5.16_/node_modules/sass-loader/dist/cjs.js??ruleSet[1].rules[5].use[1]!./src/pages/member-detail/index.module.scss)\nModule build failed (from ../../../var/cache/pai-dev-server/prewarm/taro/0432e9adac405f3a05e1ffc58a9ab755/node_modules/.pnpm/sass-loader@14.2.1_sass@1.101.0_webpack@5.78.0_@swc+core@1.3.96_postcss@8.5.16_/node_modules/sass-loader/dist/cjs.js):\nUndefined variable.\n   ╷\n48 │   background: $color-gold;\n   │               ^^^^^^^^^^^\n   ╵\n  src/pages/member-detail/index.module.scss 48:15  root stylesheet\n   @ ./src/pages/member-detail/index.module.scss\n   @ ./src/pages/member-detail/index.tsx\n   @ ./src/app.config.ts\n\nERROR in ./src/pages/servant/index.module.scss (../../../var/cache/pai-dev-server/prewarm/taro/0432e9adac405f3a05e1ffc58a9ab755/node_modules/.pnpm/css-loader@7.1.4_webpack@5.78.0_@swc+core@1.3.96_postcss@8.5.16_/node_modules/css-loader/dist/cjs.js??ruleSet[1].rules[2].oneOf[0].use[0]!../../../var/cache/pai-dev-server/prewarm/taro/0432e9adac405f3a05e1ffc58a9ab755/node_modules/.pnpm/postcss-loader@8.2.1_postcss@8.5.16_typescript@5.9.3_webpack@5.78.0_@swc+core@1.3.96_postcss@8.5.16_/node_modules/postcss-loader/dist/cjs.js??ruleSet[1].rules[3].use[0]!../../../var/cache/pai-dev-server/prewarm/taro/0432e9adac405f3a05e1ffc58a9ab755/node_modules/.pnpm/resolve-url-loader@5.0.0/node_modules/resolve-url-loader/index.js!../../../var/cache/pai-dev-server/prewarm/taro/0432e9adac405f3a05e1ffc58a9ab755/node_modules/.pnpm/sass-loader@14.2.1_sass@1.101.0_webpack@5.78.0_@swc+core@1.3.96_postcss@8.5.16_/node_modules/sass-loader/dist/cjs.js??ruleSet[1].rules[5].use[1]!./src/pages/servant/index.module.scss)\nModule build failed (from ../../../var/cache/pai-dev-server/prewarm/taro/0432e9adac405f3a05e1ffc58a9ab755/node_modules/.pnpm/sass-loader@14.2.1_sass@1.101.0_webpack@5.78.0_@swc+core@1.3.96_postcss@8.5.16_/node_modules/sass-loader/dist/cjs.js):\nUndefined variable.\n   ╷\n25 │   background: $color-bg-card-dark;\n   │               ^^^^^^^^^^^^^^^^^^^\n   ╵\n  src/pages/servant/index.module.scss 25:15  root stylesheet\n   @ ./src/pages/servant/index.module.scss\n   @ ./src/pages/servant/index.tsx\n   @ ./src/app.config.ts\n\nERROR in ./src/pages/shop/index.module.scss (../../../var/cache/pai-dev-server/prewarm/taro/0432e9adac405f3a05e1ffc58a9ab755/node_modules/.pnpm/css-loader@7.1.4_webpack@5.78.0_@swc+core@1.3.96_postcss@8.5.16_/node_modules/css-loader/dist/cjs.js??ruleSet[1].rules[2].oneOf[0].use[0]!../../../var/cache/pai-dev-server/prewarm/taro/0432e9adac405f3a05e1ffc58a9ab755/node_modules/.pnpm/postcss-loader@8.2.1_postcss@8.5.16_typescript@5.9.3_webpack@5.78.0_@swc+core@1.3.96_postcss@8.5.16_/node_modules/postcss-loader/dist/cjs.js??ruleSet[1].rules[3].use[0]!../../../var/cache/pai-dev-server/prewarm/taro/0432e9adac405f3a05e1ffc58a9ab755/node_modules/.pnpm/resolve-url-loader@5.0.0/node_modules/resolve-url-loader/index.js!../../../var/cache/pai-dev-server/prewarm/taro/0432e9adac405f3a05e1ffc58a9ab755/node_modules/.pnpm/sass-loader@14.2.1_sass@1.101.0_webpack@5.78.0_@swc+core@1.3.96_postcss@8.5.16_/node_modules/sass-loader/dist/cjs.js??ruleSet[1].rules[5].use[1]!./src/pages/shop/index.module.scss)\nModule build failed (from ../../../var/cache/pai-dev-server/prewarm/taro/0432e9adac405f3a05e1ffc58a9ab755/node_modules/.pnpm/sass-loader@14.2.1_sass@1.101.0_webpack@5.78.0_@swc+core@1.3.96_postcss@8.5.16_/node_modules/sass-loader/dist/cjs.js):\nUndefined variable.\n   ╷\n28 │   width: 80rpx; height: 80rpx; background: $color-bg-card-dark;\n   │                                            ^^^^^^^^^^^^^^^^^^^\n   ╵\n  src/pages/shop/index.module.scss 28:44  root stylesheet\n   @ ./src/pages/shop/index.module.scss\n   @ ./src/pages/shop/index.tsx\n   @ ./src/app.config.ts\n\nERROR in ./src/pages/tree/index.module.scss (../../../var/cache/pai-dev-server/prewarm/taro/0432e9adac405f3a05e1ffc58a9ab755/node_modules/.pnpm/css-loader@7.1.4_webpack@5.78.0_@swc+core@1.3.96_postcss@8.5.16_/node_modules/css-loader/dist/cjs.js??ruleSet[1].rules[2].oneOf[0].use[0]!../../../var/cache/pai-dev-server/prewarm/taro/0432e9adac405f3a05e1ffc58a9ab755/node_modules/.pnpm/postcss-loader@8.2.1_postcss@8.5.16_typescript@5.9.3_webpack@5.78.0_@swc+core@1.3.96_postcss@8.5.16_/node_modules/postcss-loader/dist/cjs.js??ruleSet[1].rules[3].use[0]!../../../var/cache/pai-dev-server/prewarm/taro/0432e9adac405f3a05e1ffc58a9ab755/node_modules/.pnpm/resolve-url-loader@5.0.0/node_modules/resolve-url-loader/index.js!../../../var/cache/pai-dev-server/prewarm/taro/0432e9adac405f3a05e1ffc58a9ab755/node_modules/.pnpm/sass-loader@14.2.1_sass@1.101.0_webpack@5.78.0_@swc+core@1.3.96_postcss@8.5.16_/node_modules/sass-loader/dist/cjs.js??ruleSet[1].rules[5].use[1]!./src/pages/tree/index.module.scss)\nModule build failed (from ../../../var/cache/pai-dev-server/prewarm/taro/0432e9adac405f3a05e1ffc58a9ab755/node_modules/.pnpm/sass-loader@14.2.1_sass@1.101.0_webpack@5.78.0_@swc+core@1.3.96_postcss@8.5.16_/node_modules/sass-loader/dist/cjs.js):\nUndefined variable.\n  ╷\n5 │   background: linear-gradient(180deg, #E8F5E9 0%, $color-bg-page 40%, $color-bg-card-dark 100%);\n  │                                                                       ^^^^^^^^^^^^^^^^^^^\n  ╵\n  src/pages/tree/index.module.scss 5:71  root stylesheet\n   @ ./src/pages/tree/index.module.scss\n   @ ./src/pages/tree/index.tsx\n   @ ./src/app.config.ts\n\n2 errors have detailed information that is not shown.\nUse 'stats.errorDetails: true' resp. '--stats-error-details' to show it.","timestamp":1786532422497}]
[19:00:22.574] [PAI SDK] Received event: log {"content":"resolve '@/types/member' in '/tmp/pai-cloud-build/O1YAFZ-avJaLy9GlnIq5H/src/components/MemberCard'\n  Parsed request is a module\n  using description file: /tmp/pai-cloud-build/O1YAFZ-avJaLy9GlnIq5H/package.json (relative path: ./src/components/MemberCard)\n    Field 'browser' doesn't contain a valid alias configuration\n    resolve as module\n      /tmp/pai-cloud-build/O1YAFZ-avJaLy9GlnIq5H/src/components/MemberCard/node_modules doesn't exist or is not a directory\n      /tmp/pai-cloud-build/O1YAFZ-avJaLy9GlnIq5H/src/components/node_modules doesn't exist or is not a directory\n      /tmp/pai-cloud-build/O1YAFZ-avJaLy9GlnIq5H/src/node_modules doesn't exist or is not a directory\n      looking for modules in /tmp/pai-cloud-build/O1YAFZ-avJaLy9GlnIq5H/node_modules\n        /tmp/pai-cloud-build/O1YAFZ-avJaLy9GlnIq5H/node_modules/@/types doesn't exist\n      /tmp/pai-cloud-build/node_modules doesn't exist or is not a directory\n      /tmp/node_modules doesn't exist or is not a directory\n      /node_modules doesn't exist or is not a directory\n\n","timestamp":1786532422566}
[19:00:36.859] [Preview Server] Frontend disconnected, clients size = 1
[19:00:38.668] [Preview Server] Frontend connected, clients size = 1
[19:00:38.668] Sending cached status to new connection, lastStatusMessage = {"event":"status_change","message":{"url":"https://sd62opo6oqou1ckhsuo00.apigateway-cn-beijing.volceapi.com/?faasInstanceName=vefaas-f0vkicge-zwx1wbt5u0-d9u543o2jfrdbl39r6o0-sandbox&hash=pai-preview-trae-ff4dc67f","schema":"aipa://preview?type=pai&aipa_id=pai-preview-trae-ff4dc67f&uuid=1da16c05-6212-46d5-89b9-bacd74b75f89","status":"running","framework":"taro"}}
[19:00:38.669] Sending cached status to new connection, lastErrorMessage = {"event":"compile_error","message":[{"filename":"","lineNumber":0,"description":"ERROR in ./src/components/MemberCard/index.tsx 6:0-84\nModule not found: Error: Can't resolve '@/types/member' in '/src/components/MemberCard'\n   @ ./src/pages/family/index.tsx\n   @ ./src/app.config.ts\n\nERROR in ./src/pages/member-detail/index.tsx 9:0-84\nModule not found: Error: Can't resolve '@/types/member' in '/src/pages/member-detail'\n   @ ./src/app.config.ts\n\nERROR in ./src/components/MemberCard/index.module.scss (../../../var/cache/pai-dev-server/prewarm/taro/0432e9adac405f3a05e1ffc58a9ab755/node_modules/.pnpm/css-loader@7.1.4_webpack@5.78.0_@swc+core@1.3.96_postcss@8.5.16_/node_modules/css-loader/dist/cjs.js??ruleSet[1].rules[2].oneOf[0].use[0]!../../../var/cache/pai-dev-server/prewarm/taro/0432e9adac405f3a05e1ffc58a9ab755/node_modules/.pnpm/postcss-loader@8.2.1_postcss@8.5.16_typescript@5.9.3_webpack@5.78.0_@swc+core@1.3.96_postcss@8.5.16_/node_modules/postcss-loader/dist/cjs.js??ruleSet[1].rules[3].use[0]!../../../var/cache/pai-dev-server/prewarm/taro/0432e9adac405f3a05e1ffc58a9ab755/node_modules/.pnpm/resolve-url-loader@5.0.0/node_modules/resolve-url-loader/index.js!../../../var/cache/pai-dev-server/prewarm/taro/0432e9adac405f3a05e1ffc58a9ab755/node_modules/.pnpm/sass-loader@14.2.1_sass@1.101.0_webpack@5.78.0_@swc+core@1.3.96_postcss@8.5.16_/node_modules/sass-loader/dist/cjs.js??ruleSet[1].rules[5].use[1]!./src/components/MemberCard/index.module.scss)\nModule build failed (from ../../../var/cache/pai-dev-server/prewarm/taro/0432e9adac405f3a05e1ffc58a9ab755/node_modules/.pnpm/sass-loader@14.2.1_sass@1.101.0_webpack@5.78.0_@swc+core@1.3.96_postcss@8.5.16_/node_modules/sass-loader/dist/cjs.js):\nUndefined variable.\n   ╷\n22 │   &.excellent { border-color: $color-gold; }\n   │                               ^^^^^^^^^^^\n   ╵\n  src/components/MemberCard/index.module.scss 22:31  root stylesheet\n   @ ./src/components/MemberCard/index.module.scss\n   @ ./src/components/MemberCard/index.tsx\n   @ ./src/pages/family/index.tsx\n   @ ./src/app.config.ts\n\nERROR in ./src/pages/add-child/index.module.scss (../../../var/cache/pai-dev-server/prewarm/taro/0432e9adac405f3a05e1ffc58a9ab755/node_modules/.pnpm/css-loader@7.1.4_webpack@5.78.0_@swc+core@1.3.96_postcss@8.5.16_/node_modules/css-loader/dist/cjs.js??ruleSet[1].rules[2].oneOf[0].use[0]!../../../var/cache/pai-dev-server/prewarm/taro/0432e9adac405f3a05e1ffc58a9ab755/node_modules/.pnpm/postcss-loader@8.2.1_postcss@8.5.16_typescript@5.9.3_webpack@5.78.0_@swc+core@1.3.96_postcss@8.5.16_/node_modules/postcss-loader/dist/cjs.js??ruleSet[1].rules[3].use[0]!../../../var/cache/pai-dev-server/prewarm/taro/0432e9adac405f3a05e1ffc58a9ab755/node_modules/.pnpm/resolve-url-loader@5.0.0/node_modules/resolve-url-loader/index.js!../../../var/cache/pai-dev-server/prewarm/taro/0432e9adac405f3a05e1ffc58a9ab755/node_modules/.pnpm/sass-loader@14.2.1_sass@1.101.0_webpack@5.78.0_@swc+core@1.3.96_postcss@8.5.16_/node_modules/sass-loader/dist/cjs.js??ruleSet[1].rules[5].use[1]!./src/pages/add-child/index.module.scss)\nModule build failed (from ../../../var/cache/pai-dev-server/prewarm/taro/0432e9adac405f3a05e1ffc58a9ab755/node_modules/.pnpm/sass-loader@14.2.1_sass@1.101.0_webpack@5.78.0_@swc+core@1.3.96_postcss@8.5.16_/node_modules/sass-loader/dist/cjs.js):\nUndefined variable.\n   ╷\n50 │   background: linear-gradient(135deg, $color-treasure 0%, $color-warning 100%);\n   │                                       ^^^^^^^^^^^^^^^\n   ╵\n  src/pages/add-child/index.module.scss 50:39  root stylesheet\n   @ ./src/pages/add-child/index.module.scss\n   @ ./src/pages/add-child/index.tsx\n   @ ./src/app.config.ts\n\nERROR in ./src/pages/family/index.module.scss (../../../var/cache/pai-dev-server/prewarm/taro/0432e9adac405f3a05e1ffc58a9ab755/node_modules/.pnpm/css-loader@7.1.4_webpack@5.78.0_@swc+core@1.3.96_postcss@8.5.16_/node_modules/css-loader/dist/cjs.js??ruleSet[1].rules[2].oneOf[0].use[0]!../../../var/cache/pai-dev-server/prewarm/taro/0432e9adac405f3a05e1ffc58a9ab755/node_modules/.pnpm/postcss-loader@8.2.1_postcss@8.5.16_typescript@5.9.3_webpack@5.78.0_@swc+core@1.3.96_postcss@8.5.16_/node_modules/postcss-loader/dist/cjs.js??ruleSet[1].rules[3].use[0]!../../../var/cache/pai-dev-server/prewarm/taro/0432e9adac405f3a05e1ffc58a9ab755/node_modules/.pnpm/resolve-url-loader@5.0.0/node_modules/resolve-url-loader/index.js!../../../var/cache/pai-dev-server/prewarm/taro/0432e9adac405f3a05e1ffc58a9ab755/node_modules/.pnpm/sass-loader@14.2.1_sass@1.101.0_webpack@5.78.0_@swc+core@1.3.96_postcss@8.5.16_/node_modules/sass-loader/dist/cjs.js??ruleSet[1].rules[5].use[1]!./src/pages/family/index.module.scss)\nModule build failed (from ../../../var/cache/pai-dev-server/prewarm/taro/0432e9adac405f3a05e1ffc58a9ab755/node_modules/.pnpm/sass-loader@14.2.1_sass@1.101.0_webpack@5.78.0_@swc+core@1.3.96_postcss@8.5.16_/node_modules/sass-loader/dist/cjs.js):\nUndefined variable.\n    ╷\n188 │   color: $color-gold;\n    │          ^^^^^^^^^^^\n    ╵\n  src/pages/family/index.module.scss 188:10  root stylesheet\n   @ ./src/pages/family/index.module.scss\n   @ ./src/pages/family/index.tsx\n   @ ./src/app.config.ts\n\nERROR in ./src/pages/member-detail/index.module.scss (../../../var/cache/pai-dev-server/prewarm/taro/0432e9adac405f3a05e1ffc58a9ab755/node_modules/.pnpm/css-loader@7.1.4_webpack@5.78.0_@swc+core@1.3.96_postcss@8.5.16_/node_modules/css-loader/dist/cjs.js??ruleSet[1].rules[2].oneOf[0].use[0]!../../../var/cache/pai-dev-server/prewarm/taro/0432e9adac405f3a05e1ffc58a9ab755/node_modules/.pnpm/postcss-loader@8.2.1_postcss@8.5.16_typescript@5.9.3_webpack@5.78.0_@swc+core@1.3.96_postcss@8.5.16_/node_modules/postcss-loader/dist/cjs.js??ruleSet[1].rules[3].use[0]!../../../var/cache/pai-dev-server/prewarm/taro/0432e9adac405f3a05e1ffc58a9ab755/node_modules/.pnpm/resolve-url-loader@5.0.0/node_modules/resolve-url-loader/index.js!../../../var/cache/pai-dev-server/prewarm/taro/0432e9adac405f3a05e1ffc58a9ab755/node_modules/.pnpm/sass-loader@14.2.1_sass@1.101.0_webpack@5.78.0_@swc+core@1.3.96_postcss@8.5.16_/node_modules/sass-loader/dist/cjs.js??ruleSet[1].rules[5].use[1]!./src/pages/member-detail/index.module.scss)\nModule build failed (from ../../../var/cache/pai-dev-server/prewarm/taro/0432e9adac405f3a05e1ffc58a9ab755/node_modules/.pnpm/sass-loader@14.2.1_sass@1.101.0_webpack@5.78.0_@swc+core@1.3.96_postcss@8.5.16_/node_modules/sass-loader/dist/cjs.js):\nUndefined variable.\n   ╷\n48 │   background: $color-gold;\n   │               ^^^^^^^^^^^\n   ╵\n  src/pages/member-detail/index.module.scss 48:15  root stylesheet\n   @ ./src/pages/member-detail/index.module.scss\n   @ ./src/pages/member-detail/index.tsx\n   @ ./src/app.config.ts\n\nERROR in ./src/pages/servant/index.module.scss (../../../var/cache/pai-dev-server/prewarm/taro/0432e9adac405f3a05e1ffc58a9ab755/node_modules/.pnpm/css-loader@7.1.4_webpack@5.78.0_@swc+core@1.3.96_postcss@8.5.16_/node_modules/css-loader/dist/cjs.js??ruleSet[1].rules[2].oneOf[0].use[0]!../../../var/cache/pai-dev-server/prewarm/taro/0432e9adac405f3a05e1ffc58a9ab755/node_modules/.pnpm/postcss-loader@8.2.1_postcss@8.5.16_typescript@5.9.3_webpack@5.78.0_@swc+core@1.3.96_postcss@8.5.16_/node_modules/postcss-loader/dist/cjs.js??ruleSet[1].rules[3].use[0]!../../../var/cache/pai-dev-server/prewarm/taro/0432e9adac405f3a05e1ffc58a9ab755/node_modules/.pnpm/resolve-url-loader@5.0.0/node_modules/resolve-url-loader/index.js!../../../var/cache/pai-dev-server/prewarm/taro/0432e9adac405f3a05e1ffc58a9ab755/node_modules/.pnpm/sass-loader@14.2.1_sass@1.101.0_webpack@5.78.0_@swc+core@1.3.96_postcss@8.5.16_/node_modules/sass-loader/dist/cjs.js??ruleSet[1].rules[5].use[1]!./src/pages/servant/index.module.scss)\nModule build failed (from ../../../var/cache/pai-dev-server/prewarm/taro/0432e9adac405f3a05e1ffc58a9ab755/node_modules/.pnpm/sass-loader@14.2.1_sass@1.101.0_webpack@5.78.0_@swc+core@1.3.96_postcss@8.5.16_/node_modules/sass-loader/dist/cjs.js):\nUndefined variable.\n   ╷\n25 │   background: $color-bg-card-dark;\n   │               ^^^^^^^^^^^^^^^^^^^\n   ╵\n  src/pages/servant/index.module.scss 25:15  root stylesheet\n   @ ./src/pages/servant/index.module.scss\n   @ ./src/pages/servant/index.tsx\n   @ ./src/app.config.ts\n\nERROR in ./src/pages/shop/index.module.scss (../../../var/cache/pai-dev-server/prewarm/taro/0432e9adac405f3a05e1ffc58a9ab755/node_modules/.pnpm/css-loader@7.1.4_webpack@5.78.0_@swc+core@1.3.96_postcss@8.5.16_/node_modules/css-loader/dist/cjs.js??ruleSet[1].rules[2].oneOf[0].use[0]!../../../var/cache/pai-dev-server/prewarm/taro/0432e9adac405f3a05e1ffc58a9ab755/node_modules/.pnpm/postcss-loader@8.2.1_postcss@8.5.16_typescript@5.9.3_webpack@5.78.0_@swc+core@1.3.96_postcss@8.5.16_/node_modules/postcss-loader/dist/cjs.js??ruleSet[1].rules[3].use[0]!../../../var/cache/pai-dev-server/prewarm/taro/0432e9adac405f3a05e1ffc58a9ab755/node_modules/.pnpm/resolve-url-loader@5.0.0/node_modules/resolve-url-loader/index.js!../../../var/cache/pai-dev-server/prewarm/taro/0432e9adac405f3a05e1ffc58a9ab755/node_modules/.pnpm/sass-loader@14.2.1_sass@1.101.0_webpack@5.78.0_@swc+core@1.3.96_postcss@8.5.16_/node_modules/sass-loader/dist/cjs.js??ruleSet[1].rules[5].use[1]!./src/pages/shop/index.module.scss)\nModule build failed (from ../../../var/cache/pai-dev-server/prewarm/taro/0432e9adac405f3a05e1ffc58a9ab755/node_modules/.pnpm/sass-loader@14.2.1_sass@1.101.0_webpack@5.78.0_@swc+core@1.3.96_postcss@8.5.16_/node_modules/sass-loader/dist/cjs.js):\nUndefined variable.\n   ╷\n28 │   width: 80rpx; height: 80rpx; background: $color-bg-card-dark;\n   │                                            ^^^^^^^^^^^^^^^^^^^\n   ╵\n  src/pages/shop/index.module.scss 28:44  root stylesheet\n   @ ./src/pages/shop/index.module.scss\n   @ ./src/pages/shop/index.tsx\n   @ ./src/app.config.ts\n\nERROR in ./src/pages/tree/index.module.scss (../../../var/cache/pai-dev-server/prewarm/taro/0432e9adac405f3a05e1ffc58a9ab755/node_modules/.pnpm/css-loader@7.1.4_webpack@5.78.0_@swc+core@1.3.96_postcss@8.5.16_/node_modules/css-loader/dist/cjs.js??ruleSet[1].rules[2].oneOf[0].use[0]!../../../var/cache/pai-dev-server/prewarm/taro/0432e9adac405f3a05e1ffc58a9ab755/node_modules/.pnpm/postcss-loader@8.2.1_postcss@8.5.16_typescript@5.9.3_webpack@5.78.0_@swc+core@1.3.96_postcss@8.5.16_/node_modules/postcss-loader/dist/cjs.js??ruleSet[1].rules[3].use[0]!../../../var/cache/pai-dev-server/prewarm/taro/0432e9adac405f3a05e1ffc58a9ab755/node_modules/.pnpm/resolve-url-loader@5.0.0/node_modules/resolve-url-loader/index.js!../../../var/cache/pai-dev-server/prewarm/taro/0432e9adac405f3a05e1ffc58a9ab755/node_modules/.pnpm/sass-loader@14.2.1_sass@1.101.0_webpack@5.78.0_@swc+core@1.3.96_postcss@8.5.16_/node_modules/sass-loader/dist/cjs.js??ruleSet[1].rules[5].use[1]!./src/pages/tree/index.module.scss)\nModule build failed (from ../../../var/cache/pai-dev-server/prewarm/taro/0432e9adac405f3a05e1ffc58a9ab755/node_modules/.pnpm/sass-loader@14.2.1_sass@1.101.0_webpack@5.78.0_@swc+core@1.3.96_postcss@8.5.16_/node_modules/sass-loader/dist/cjs.js):\nUndefined variable.\n  ╷\n5 │   background: linear-gradient(180deg, #E8F5E9 0%, $color-bg-page 40%, $color-bg-card-dark 100%);\n  │                                                                       ^^^^^^^^^^^^^^^^^^^\n  ╵\n  src/pages/tree/index.module.scss 5:71  root stylesheet\n   @ ./src/pages/tree/index.module.scss\n   @ ./src/pages/tree/index.tsx\n   @ ./src/app.config.ts\n\n2 errors have detailed information that is not shown.\nUse 'stats.errorDetails: true' resp. '--stats-error-details' to show it.","timestamp":1786532422497}]}
[19:07:19.062] File change detected. Updating...
[19:07:19.075] readProjectFiles, Found 65 files to read.
[19:07:19.125] Files read. Count: 65
[19:07:19.125] Calling pai.updateCloudDev...
[19:07:19.126] [PAI SDK] cloudServer.update called, appId: pai-preview-trae-ff4dc67f
[19:07:19.218] [PAI SDK] Received event: reload {"url":"aipa://pai-preview-trae-ff4dc67f.aipa-cloud.bytedance.net?type=pai","timestamp":1786532839209}
[19:07:19.219] [PAI SDK] CloudServer received reload event: {"url":"aipa://pai-preview-trae-ff4dc67f.aipa-cloud.bytedance.net?type=pai","timestamp":1786532839209}
[19:07:19.220] [PAI SDK] reload, url = https://sd62opo6oqou1ckhsuo00.apigateway-cn-beijing.volceapi.com/?faasInstanceName=vefaas-f0vkicge-zwx1wbt5u0-d9u543o2jfrdbl39r6o0-sandbox&hash=pai-preview-trae-ff4dc67f
[19:07:19.221] [PAI SDK] cloudServer.update response: {
  "status": "running",
  "reload": false,
  "hash": "pai-preview-trae-ff4dc67f"
}
[19:07:19.222] Update success (pai.updateCloudDev returned)
[19:07:19.281] [PAI SDK] Received event: log {"content":"<i> [webpack-dev-middleware] wait until bundle finished: /\n","timestamp":1786532839273}
[19:07:20.770] [PAI SDK] Received event: compile_error [{"filename":"","lineNumber":0,"description":"ModuleBuildError: Module build failed (from ../../../var/cache/pai-dev-server/prewarm/taro/0432e9adac405f3a05e1ffc58a9ab755/node_modules/.pnpm/sass-loader@14.2.1_sass@1.101.0_webpack@5.78.0_@swc+core@1.3.96_postcss@8.5.16_/node_modules/sass-loader/dist/cjs.js):\nUndefined variable.\n   ╷\n22 │   &.excellent { border-color: $color-gold; }\n   │                               ^^^^^^^^^^^\n   ╵\n  src/components/MemberCard/index.module.scss 22:31  root stylesheet\n\n→ Watching... [8/12/2026, 7:07:20 PM]\n\n","timestamp":1786532840761}]
[19:07:20.869] [PAI SDK] Received event: log {"content":"✖ Errors: \n\n","timestamp":1786532840861}
[19:07:21.108] [PAI SDK] Received event: log {"content":"🙅   编译失败. 8/12/2026, 7:07:21 PM\n\n","timestamp":1786532841100}
[19:07:21.109] [PAI SDK] Received event: compile_error [{"filename":"","lineNumber":0,"description":"ModuleBuildError: Module build failed (from ../../../var/cache/pai-dev-server/prewarm/taro/0432e9adac405f3a05e1ffc58a9ab755/node_modules/.pnpm/sass-loader@14.2.1_sass@1.101.0_webpack@5.78.0_@swc+core@1.3.96_postcss@8.5.16_/node_modules/sass-loader/dist/cjs.js):\nUndefined variable.\n   ╷\n22 │   &.excellent { border-color: $color-gold; }\n   │                               ^^^^^^^^^^^\n   ╵\n  src/components/MemberCard/index.module.scss 22:31  root stylesheet\n\n","timestamp":1786532841101}]
[19:07:21.170] [PAI SDK] Received event: compile_error [{"filename":"","lineNumber":0,"description":"ERROR in ./src/components/MemberCard/index.module.scss (../../../var/cache/pai-dev-server/prewarm/taro/0432e9adac405f3a05e1ffc58a9ab755/node_modules/.pnpm/css-loader@7.1.4_webpack@5.78.0_@swc+core@1.3.96_postcss@8.5.16_/node_modules/css-loader/dist/cjs.js??ruleSet[1].rules[2].oneOf[0].use[0]!../../../var/cache/pai-dev-server/prewarm/taro/0432e9adac405f3a05e1ffc58a9ab755/node_modules/.pnpm/postcss-loader@8.2.1_postcss@8.5.16_typescript@5.9.3_webpack@5.78.0_@swc+core@1.3.96_postcss@8.5.16_/node_modules/postcss-loader/dist/cjs.js??ruleSet[1].rules[3].use[0]!../../../var/cache/pai-dev-server/prewarm/taro/0432e9adac405f3a05e1ffc58a9ab755/node_modules/.pnpm/resolve-url-loader@5.0.0/node_modules/resolve-url-loader/index.js!../../../var/cache/pai-dev-server/prewarm/taro/0432e9adac405f3a05e1ffc58a9ab755/node_modules/.pnpm/sass-loader@14.2.1_sass@1.101.0_webpack@5.78.0_@swc+core@1.3.96_postcss@8.5.16_/node_modules/sass-loader/dist/cjs.js??ruleSet[1].rules[5].use[1]!./src/components/MemberCard/index.module.scss)\nModule build failed (from ../../../var/cache/pai-dev-server/prewarm/taro/0432e9adac405f3a05e1ffc58a9ab755/node_modules/.pnpm/sass-loader@14.2.1_sass@1.101.0_webpack@5.78.0_@swc+core@1.3.96_postcss@8.5.16_/node_modules/sass-loader/dist/cjs.js):\nUndefined variable.\n   ╷\n22 │   &.excellent { border-color: $color-gold; }\n   │                               ^^^^^^^^^^^\n   ╵\n  src/components/MemberCard/index.module.scss 22:31  root stylesheet\n   @ ./src/components/MemberCard/index.module.scss\n   @ ./src/components/MemberCard/index.tsx\n   @ ./src/pages/family/index.tsx\n   @ ./src/app.config.ts\n\nERROR in ./src/pages/add-child/index.module.scss (../../../var/cache/pai-dev-server/prewarm/taro/0432e9adac405f3a05e1ffc58a9ab755/node_modules/.pnpm/css-loader@7.1.4_webpack@5.78.0_@swc+core@1.3.96_postcss@8.5.16_/node_modules/css-loader/dist/cjs.js??ruleSet[1].rules[2].oneOf[0].use[0]!../../../var/cache/pai-dev-server/prewarm/taro/0432e9adac405f3a05e1ffc58a9ab755/node_modules/.pnpm/postcss-loader@8.2.1_postcss@8.5.16_typescript@5.9.3_webpack@5.78.0_@swc+core@1.3.96_postcss@8.5.16_/node_modules/postcss-loader/dist/cjs.js??ruleSet[1].rules[3].use[0]!../../../var/cache/pai-dev-server/prewarm/taro/0432e9adac405f3a05e1ffc58a9ab755/node_modules/.pnpm/resolve-url-loader@5.0.0/node_modules/resolve-url-loader/index.js!../../../var/cache/pai-dev-server/prewarm/taro/0432e9adac405f3a05e1ffc58a9ab755/node_modules/.pnpm/sass-loader@14.2.1_sass@1.101.0_webpack@5.78.0_@swc+core@1.3.96_postcss@8.5.16_/node_modules/sass-loader/dist/cjs.js??ruleSet[1].rules[5].use[1]!./src/pages/add-child/index.module.scss)\nModule build failed (from ../../../var/cache/pai-dev-server/prewarm/taro/0432e9adac405f3a05e1ffc58a9ab755/node_modules/.pnpm/sass-loader@14.2.1_sass@1.101.0_webpack@5.78.0_@swc+core@1.3.96_postcss@8.5.16_/node_modules/sass-loader/dist/cjs.js):\nUndefined variable.\n   ╷\n50 │   background: linear-gradient(135deg, $color-treasure 0%, $color-warning 100%);\n   │                                       ^^^^^^^^^^^^^^^\n   ╵\n  src/pages/add-child/index.module.scss 50:39  root stylesheet\n   @ ./src/pages/add-child/index.module.scss\n   @ ./src/pages/add-child/index.tsx\n   @ ./src/app.config.ts\n\nERROR in ./src/pages/family/index.module.scss (../../../var/cache/pai-dev-server/prewarm/taro/0432e9adac405f3a05e1ffc58a9ab755/node_modules/.pnpm/css-loader@7.1.4_webpack@5.78.0_@swc+core@1.3.96_postcss@8.5.16_/node_modules/css-loader/dist/cjs.js??ruleSet[1].rules[2].oneOf[0].use[0]!../../../var/cache/pai-dev-server/prewarm/taro/0432e9adac405f3a05e1ffc58a9ab755/node_modules/.pnpm/postcss-loader@8.2.1_postcss@8.5.16_typescript@5.9.3_webpack@5.78.0_@swc+core@1.3.96_postcss@8.5.16_/node_modules/postcss-loader/dist/cjs.js??ruleSet[1].rules[3].use[0]!../../../var/cache/pai-dev-server/prewarm/taro/0432e9adac405f3a05e1ffc58a9ab755/node_modules/.pnpm/resolve-url-loader@5.0.0/node_modules/resolve-url-loader/index.js!../../../var/cache/pai-dev-server/prewarm/taro/0432e9adac405f3a05e1ffc58a9ab755/node_modules/.pnpm/sass-loader@14.2.1_sass@1.101.0_webpack@5.78.0_@swc+core@1.3.96_postcss@8.5.16_/node_modules/sass-loader/dist/cjs.js??ruleSet[1].rules[5].use[1]!./src/pages/family/index.module.scss)\nModule build failed (from ../../../var/cache/pai-dev-server/prewarm/taro/0432e9adac405f3a05e1ffc58a9ab755/node_modules/.pnpm/sass-loader@14.2.1_sass@1.101.0_webpack@5.78.0_@swc+core@1.3.96_postcss@8.5.16_/node_modules/sass-loader/dist/cjs.js):\nUndefined variable.\n    ╷\n188 │   color: $color-gold;\n    │          ^^^^^^^^^^^\n    ╵\n  src/pages/family/index.module.scss 188:10  root stylesheet\n   @ ./src/pages/family/index.module.scss\n   @ ./src/pages/family/index.tsx\n   @ ./src/app.config.ts\n\nERROR in ./src/pages/member-detail/index.module.scss (../../../var/cache/pai-dev-server/prewarm/taro/0432e9adac405f3a05e1ffc58a9ab755/node_modules/.pnpm/css-loader@7.1.4_webpack@5.78.0_@swc+core@1.3.96_postcss@8.5.16_/node_modules/css-loader/dist/cjs.js??ruleSet[1].rules[2].oneOf[0].use[0]!../../../var/cache/pai-dev-server/prewarm/taro/0432e9adac405f3a05e1ffc58a9ab755/node_modules/.pnpm/postcss-loader@8.2.1_postcss@8.5.16_typescript@5.9.3_webpack@5.78.0_@swc+core@1.3.96_postcss@8.5.16_/node_modules/postcss-loader/dist/cjs.js??ruleSet[1].rules[3].use[0]!../../../var/cache/pai-dev-server/prewarm/taro/0432e9adac405f3a05e1ffc58a9ab755/node_modules/.pnpm/resolve-url-loader@5.0.0/node_modules/resolve-url-loader/index.js!../../../var/cache/pai-dev-server/prewarm/taro/0432e9adac405f3a05e1ffc58a9ab755/node_modules/.pnpm/sass-loader@14.2.1_sass@1.101.0_webpack@5.78.0_@swc+core@1.3.96_postcss@8.5.16_/node_modules/sass-loader/dist/cjs.js??ruleSet[1].rules[5].use[1]!./src/pages/member-detail/index.module.scss)\nModule build failed (from ../../../var/cache/pai-dev-server/prewarm/taro/0432e9adac405f3a05e1ffc58a9ab755/node_modules/.pnpm/sass-loader@14.2.1_sass@1.101.0_webpack@5.78.0_@swc+core@1.3.96_postcss@8.5.16_/node_modules/sass-loader/dist/cjs.js):\nUndefined variable.\n   ╷\n48 │   background: $color-gold;\n   │               ^^^^^^^^^^^\n   ╵\n  src/pages/member-detail/index.module.scss 48:15  root stylesheet\n   @ ./src/pages/member-detail/index.module.scss\n   @ ./src/pages/member-detail/index.tsx\n   @ ./src/app.config.ts\n\nERROR in ./src/pages/servant/index.module.scss (../../../var/cache/pai-dev-server/prewarm/taro/0432e9adac405f3a05e1ffc58a9ab755/node_modules/.pnpm/css-loader@7.1.4_webpack@5.78.0_@swc+core@1.3.96_postcss@8.5.16_/node_modules/css-loader/dist/cjs.js??ruleSet[1].rules[2].oneOf[0].use[0]!../../../var/cache/pai-dev-server/prewarm/taro/0432e9adac405f3a05e1ffc58a9ab755/node_modules/.pnpm/postcss-loader@8.2.1_postcss@8.5.16_typescript@5.9.3_webpack@5.78.0_@swc+core@1.3.96_postcss@8.5.16_/node_modules/postcss-loader/dist/cjs.js??ruleSet[1].rules[3].use[0]!../../../var/cache/pai-dev-server/prewarm/taro/0432e9adac405f3a05e1ffc58a9ab755/node_modules/.pnpm/resolve-url-loader@5.0.0/node_modules/resolve-url-loader/index.js!../../../var/cache/pai-dev-server/prewarm/taro/0432e9adac405f3a05e1ffc58a9ab755/node_modules/.pnpm/sass-loader@14.2.1_sass@1.101.0_webpack@5.78.0_@swc+core@1.3.96_postcss@8.5.16_/node_modules/sass-loader/dist/cjs.js??ruleSet[1].rules[5].use[1]!./src/pages/servant/index.module.scss)\nModule build failed (from ../../../var/cache/pai-dev-server/prewarm/taro/0432e9adac405f3a05e1ffc58a9ab755/node_modules/.pnpm/sass-loader@14.2.1_sass@1.101.0_webpack@5.78.0_@swc+core@1.3.96_postcss@8.5.16_/node_modules/sass-loader/dist/cjs.js):\nUndefined variable.\n   ╷\n25 │   background: $color-bg-card-dark;\n   │               ^^^^^^^^^^^^^^^^^^^\n   ╵\n  src/pages/servant/index.module.scss 25:15  root stylesheet\n   @ ./src/pages/servant/index.module.scss\n   @ ./src/pages/servant/index.tsx\n   @ ./src/app.config.ts\n\nERROR in ./src/pages/shop/index.module.scss (../../../var/cache/pai-dev-server/prewarm/taro/0432e9adac405f3a05e1ffc58a9ab755/node_modules/.pnpm/css-loader@7.1.4_webpack@5.78.0_@swc+core@1.3.96_postcss@8.5.16_/node_modules/css-loader/dist/cjs.js??ruleSet[1].rules[2].oneOf[0].use[0]!../../../var/cache/pai-dev-server/prewarm/taro/0432e9adac405f3a05e1ffc58a9ab755/node_modules/.pnpm/postcss-loader@8.2.1_postcss@8.5.16_typescript@5.9.3_webpack@5.78.0_@swc+core@1.3.96_postcss@8.5.16_/node_modules/postcss-loader/dist/cjs.js??ruleSet[1].rules[3].use[0]!../../../var/cache/pai-dev-server/prewarm/taro/0432e9adac405f3a05e1ffc58a9ab755/node_modules/.pnpm/resolve-url-loader@5.0.0/node_modules/resolve-url-loader/index.js!../../../var/cache/pai-dev-server/prewarm/taro/0432e9adac405f3a05e1ffc58a9ab755/node_modules/.pnpm/sass-loader@14.2.1_sass@1.101.0_webpack@5.78.0_@swc+core@1.3.96_postcss@8.5.16_/node_modules/sass-loader/dist/cjs.js??ruleSet[1].rules[5].use[1]!./src/pages/shop/index.module.scss)\nModule build failed (from ../../../var/cache/pai-dev-server/prewarm/taro/0432e9adac405f3a05e1ffc58a9ab755/node_modules/.pnpm/sass-loader@14.2.1_sass@1.101.0_webpack@5.78.0_@swc+core@1.3.96_postcss@8.5.16_/node_modules/sass-loader/dist/cjs.js):\nUndefined variable.\n   ╷\n28 │   width: 80rpx; height: 80rpx; background: $color-bg-card-dark;\n   │                                            ^^^^^^^^^^^^^^^^^^^\n   ╵\n  src/pages/shop/index.module.scss 28:44  root stylesheet\n   @ ./src/pages/shop/index.module.scss\n   @ ./src/pages/shop/index.tsx\n   @ ./src/app.config.ts\n\nERROR in ./src/pages/tree/index.module.scss (../../../var/cache/pai-dev-server/prewarm/taro/0432e9adac405f3a05e1ffc58a9ab755/node_modules/.pnpm/css-loader@7.1.4_webpack@5.78.0_@swc+core@1.3.96_postcss@8.5.16_/node_modules/css-loader/dist/cjs.js??ruleSet[1].rules[2].oneOf[0].use[0]!../../../var/cache/pai-dev-server/prewarm/taro/0432e9adac405f3a05e1ffc58a9ab755/node_modules/.pnpm/postcss-loader@8.2.1_postcss@8.5.16_typescript@5.9.3_webpack@5.78.0_@swc+core@1.3.96_postcss@8.5.16_/node_modules/postcss-loader/dist/cjs.js??ruleSet[1].rules[3].use[0]!../../../var/cache/pai-dev-server/prewarm/taro/0432e9adac405f3a05e1ffc58a9ab755/node_modules/.pnpm/resolve-url-loader@5.0.0/node_modules/resolve-url-loader/index.js!../../../var/cache/pai-dev-server/prewarm/taro/0432e9adac405f3a05e1ffc58a9ab755/node_modules/.pnpm/sass-loader@14.2.1_sass@1.101.0_webpack@5.78.0_@swc+core@1.3.96_postcss@8.5.16_/node_modules/sass-loader/dist/cjs.js??ruleSet[1].rules[5].use[1]!./src/pages/tree/index.module.scss)\nModule build failed (from ../../../var/cache/pai-dev-server/prewarm/taro/0432e9adac405f3a05e1ffc58a9ab755/node_modules/.pnpm/sass-loader@14.2.1_sass@1.101.0_webpack@5.78.0_@swc+core@1.3.96_postcss@8.5.16_/node_modules/sass-loader/dist/cjs.js):\nUndefined variable.\n  ╷\n5 │   background: linear-gradient(180deg, #E8F5E9 0%, $color-bg-page 40%, $color-bg-card-dark 100%);\n  │                                                                       ^^^^^^^^^^^^^^^^^^^\n  ╵\n  src/pages/tree/index.module.scss 5:71  root stylesheet\n   @ ./src/pages/tree/index.module.scss\n   @ ./src/pages/tree/index.tsx\n   @ ./src/app.config.ts","timestamp":1786532841156}]
[19:07:51.643] [Preview Server] Frontend disconnected, clients size = 1
[19:07:52.599] [Preview Server] Frontend connected, clients size = 1
[19:07:52.599] Sending cached status to new connection, lastStatusMessage = {"event":"status_change","message":{"url":"https://sd62opo6oqou1ckhsuo00.apigateway-cn-beijing.volceapi.com/?faasInstanceName=vefaas-f0vkicge-zwx1wbt5u0-d9u543o2jfrdbl39r6o0-sandbox&hash=pai-preview-trae-ff4dc67f","schema":"aipa://preview?type=pai&aipa_id=pai-preview-trae-ff4dc67f&uuid=1da16c05-6212-46d5-89b9-bacd74b75f89","status":"running","framework":"taro"}}
[19:07:52.600] Sending cached status to new connection, lastErrorMessage = {"event":"compile_error","message":[{"filename":"","lineNumber":0,"description":"ERROR in ./src/components/MemberCard/index.module.scss (../../../var/cache/pai-dev-server/prewarm/taro/0432e9adac405f3a05e1ffc58a9ab755/node_modules/.pnpm/css-loader@7.1.4_webpack@5.78.0_@swc+core@1.3.96_postcss@8.5.16_/node_modules/css-loader/dist/cjs.js??ruleSet[1].rules[2].oneOf[0].use[0]!../../../var/cache/pai-dev-server/prewarm/taro/0432e9adac405f3a05e1ffc58a9ab755/node_modules/.pnpm/postcss-loader@8.2.1_postcss@8.5.16_typescript@5.9.3_webpack@5.78.0_@swc+core@1.3.96_postcss@8.5.16_/node_modules/postcss-loader/dist/cjs.js??ruleSet[1].rules[3].use[0]!../../../var/cache/pai-dev-server/prewarm/taro/0432e9adac405f3a05e1ffc58a9ab755/node_modules/.pnpm/resolve-url-loader@5.0.0/node_modules/resolve-url-loader/index.js!../../../var/cache/pai-dev-server/prewarm/taro/0432e9adac405f3a05e1ffc58a9ab755/node_modules/.pnpm/sass-loader@14.2.1_sass@1.101.0_webpack@5.78.0_@swc+core@1.3.96_postcss@8.5.16_/node_modules/sass-loader/dist/cjs.js??ruleSet[1].rules[5].use[1]!./src/components/MemberCard/index.module.scss)\nModule build failed (from ../../../var/cache/pai-dev-server/prewarm/taro/0432e9adac405f3a05e1ffc58a9ab755/node_modules/.pnpm/sass-loader@14.2.1_sass@1.101.0_webpack@5.78.0_@swc+core@1.3.96_postcss@8.5.16_/node_modules/sass-loader/dist/cjs.js):\nUndefined variable.\n   ╷\n22 │   &.excellent { border-color: $color-gold; }\n   │                               ^^^^^^^^^^^\n   ╵\n  src/components/MemberCard/index.module.scss 22:31  root stylesheet\n   @ ./src/components/MemberCard/index.module.scss\n   @ ./src/components/MemberCard/index.tsx\n   @ ./src/pages/family/index.tsx\n   @ ./src/app.config.ts\n\nERROR in ./src/pages/add-child/index.module.scss (../../../var/cache/pai-dev-server/prewarm/taro/0432e9adac405f3a05e1ffc58a9ab755/node_modules/.pnpm/css-loader@7.1.4_webpack@5.78.0_@swc+core@1.3.96_postcss@8.5.16_/node_modules/css-loader/dist/cjs.js??ruleSet[1].rules[2].oneOf[0].use[0]!../../../var/cache/pai-dev-server/prewarm/taro/0432e9adac405f3a05e1ffc58a9ab755/node_modules/.pnpm/postcss-loader@8.2.1_postcss@8.5.16_typescript@5.9.3_webpack@5.78.0_@swc+core@1.3.96_postcss@8.5.16_/node_modules/postcss-loader/dist/cjs.js??ruleSet[1].rules[3].use[0]!../../../var/cache/pai-dev-server/prewarm/taro/0432e9adac405f3a05e1ffc58a9ab755/node_modules/.pnpm/resolve-url-loader@5.0.0/node_modules/resolve-url-loader/index.js!../../../var/cache/pai-dev-server/prewarm/taro/0432e9adac405f3a05e1ffc58a9ab755/node_modules/.pnpm/sass-loader@14.2.1_sass@1.101.0_webpack@5.78.0_@swc+core@1.3.96_postcss@8.5.16_/node_modules/sass-loader/dist/cjs.js??ruleSet[1].rules[5].use[1]!./src/pages/add-child/index.module.scss)\nModule build failed (from ../../../var/cache/pai-dev-server/prewarm/taro/0432e9adac405f3a05e1ffc58a9ab755/node_modules/.pnpm/sass-loader@14.2.1_sass@1.101.0_webpack@5.78.0_@swc+core@1.3.96_postcss@8.5.16_/node_modules/sass-loader/dist/cjs.js):\nUndefined variable.\n   ╷\n50 │   background: linear-gradient(135deg, $color-treasure 0%, $color-warning 100%);\n   │                                       ^^^^^^^^^^^^^^^\n   ╵\n  src/pages/add-child/index.module.scss 50:39  root stylesheet\n   @ ./src/pages/add-child/index.module.scss\n   @ ./src/pages/add-child/index.tsx\n   @ ./src/app.config.ts\n\nERROR in ./src/pages/family/index.module.scss (../../../var/cache/pai-dev-server/prewarm/taro/0432e9adac405f3a05e1ffc58a9ab755/node_modules/.pnpm/css-loader@7.1.4_webpack@5.78.0_@swc+core@1.3.96_postcss@8.5.16_/node_modules/css-loader/dist/cjs.js??ruleSet[1].rules[2].oneOf[0].use[0]!../../../var/cache/pai-dev-server/prewarm/taro/0432e9adac405f3a05e1ffc58a9ab755/node_modules/.pnpm/postcss-loader@8.2.1_postcss@8.5.16_typescript@5.9.3_webpack@5.78.0_@swc+core@1.3.96_postcss@8.5.16_/node_modules/postcss-loader/dist/cjs.js??ruleSet[1].rules[3].use[0]!../../../var/cache/pai-dev-server/prewarm/taro/0432e9adac405f3a05e1ffc58a9ab755/node_modules/.pnpm/resolve-url-loader@5.0.0/node_modules/resolve-url-loader/index.js!../../../var/cache/pai-dev-server/prewarm/taro/0432e9adac405f3a05e1ffc58a9ab755/node_modules/.pnpm/sass-loader@14.2.1_sass@1.101.0_webpack@5.78.0_@swc+core@1.3.96_postcss@8.5.16_/node_modules/sass-loader/dist/cjs.js??ruleSet[1].rules[5].use[1]!./src/pages/family/index.module.scss)\nModule build failed (from ../../../var/cache/pai-dev-server/prewarm/taro/0432e9adac405f3a05e1ffc58a9ab755/node_modules/.pnpm/sass-loader@14.2.1_sass@1.101.0_webpack@5.78.0_@swc+core@1.3.96_postcss@8.5.16_/node_modules/sass-loader/dist/cjs.js):\nUndefined variable.\n    ╷\n188 │   color: $color-gold;\n    │          ^^^^^^^^^^^\n    ╵\n  src/pages/family/index.module.scss 188:10  root stylesheet\n   @ ./src/pages/family/index.module.scss\n   @ ./src/pages/family/index.tsx\n   @ ./src/app.config.ts\n\nERROR in ./src/pages/member-detail/index.module.scss (../../../var/cache/pai-dev-server/prewarm/taro/0432e9adac405f3a05e1ffc58a9ab755/node_modules/.pnpm/css-loader@7.1.4_webpack@5.78.0_@swc+core@1.3.96_postcss@8.5.16_/node_modules/css-loader/dist/cjs.js??ruleSet[1].rules[2].oneOf[0].use[0]!../../../var/cache/pai-dev-server/prewarm/taro/0432e9adac405f3a05e1ffc58a9ab755/node_modules/.pnpm/postcss-loader@8.2.1_postcss@8.5.16_typescript@5.9.3_webpack@5.78.0_@swc+core@1.3.96_postcss@8.5.16_/node_modules/postcss-loader/dist/cjs.js??ruleSet[1].rules[3].use[0]!../../../var/cache/pai-dev-server/prewarm/taro/0432e9adac405f3a05e1ffc58a9ab755/node_modules/.pnpm/resolve-url-loader@5.0.0/node_modules/resolve-url-loader/index.js!../../../var/cache/pai-dev-server/prewarm/taro/0432e9adac405f3a05e1ffc58a9ab755/node_modules/.pnpm/sass-loader@14.2.1_sass@1.101.0_webpack@5.78.0_@swc+core@1.3.96_postcss@8.5.16_/node_modules/sass-loader/dist/cjs.js??ruleSet[1].rules[5].use[1]!./src/pages/member-detail/index.module.scss)\nModule build failed (from ../../../var/cache/pai-dev-server/prewarm/taro/0432e9adac405f3a05e1ffc58a9ab755/node_modules/.pnpm/sass-loader@14.2.1_sass@1.101.0_webpack@5.78.0_@swc+core@1.3.96_postcss@8.5.16_/node_modules/sass-loader/dist/cjs.js):\nUndefined variable.\n   ╷\n48 │   background: $color-gold;\n   │               ^^^^^^^^^^^\n   ╵\n  src/pages/member-detail/index.module.scss 48:15  root stylesheet\n   @ ./src/pages/member-detail/index.module.scss\n   @ ./src/pages/member-detail/index.tsx\n   @ ./src/app.config.ts\n\nERROR in ./src/pages/servant/index.module.scss (../../../var/cache/pai-dev-server/prewarm/taro/0432e9adac405f3a05e1ffc58a9ab755/node_modules/.pnpm/css-loader@7.1.4_webpack@5.78.0_@swc+core@1.3.96_postcss@8.5.16_/node_modules/css-loader/dist/cjs.js??ruleSet[1].rules[2].oneOf[0].use[0]!../../../var/cache/pai-dev-server/prewarm/taro/0432e9adac405f3a05e1ffc58a9ab755/node_modules/.pnpm/postcss-loader@8.2.1_postcss@8.5.16_typescript@5.9.3_webpack@5.78.0_@swc+core@1.3.96_postcss@8.5.16_/node_modules/postcss-loader/dist/cjs.js??ruleSet[1].rules[3].use[0]!../../../var/cache/pai-dev-server/prewarm/taro/0432e9adac405f3a05e1ffc58a9ab755/node_modules/.pnpm/resolve-url-loader@5.0.0/node_modules/resolve-url-loader/index.js!../../../var/cache/pai-dev-server/prewarm/taro/0432e9adac405f3a05e1ffc58a9ab755/node_modules/.pnpm/sass-loader@14.2.1_sass@1.101.0_webpack@5.78.0_@swc+core@1.3.96_postcss@8.5.16_/node_modules/sass-loader/dist/cjs.js??ruleSet[1].rules[5].use[1]!./src/pages/servant/index.module.scss)\nModule build failed (from ../../../var/cache/pai-dev-server/prewarm/taro/0432e9adac405f3a05e1ffc58a9ab755/node_modules/.pnpm/sass-loader@14.2.1_sass@1.101.0_webpack@5.78.0_@swc+core@1.3.96_postcss@8.5.16_/node_modules/sass-loader/dist/cjs.js):\nUndefined variable.\n   ╷\n25 │   background: $color-bg-card-dark;\n   │               ^^^^^^^^^^^^^^^^^^^\n   ╵\n  src/pages/servant/index.module.scss 25:15  root stylesheet\n   @ ./src/pages/servant/index.module.scss\n   @ ./src/pages/servant/index.tsx\n   @ ./src/app.config.ts\n\nERROR in ./src/pages/shop/index.module.scss (../../../var/cache/pai-dev-server/prewarm/taro/0432e9adac405f3a05e1ffc58a9ab755/node_modules/.pnpm/css-loader@7.1.4_webpack@5.78.0_@swc+core@1.3.96_postcss@8.5.16_/node_modules/css-loader/dist/cjs.js??ruleSet[1].rules[2].oneOf[0].use[0]!../../../var/cache/pai-dev-server/prewarm/taro/0432e9adac405f3a05e1ffc58a9ab755/node_modules/.pnpm/postcss-loader@8.2.1_postcss@8.5.16_typescript@5.9.3_webpack@5.78.0_@swc+core@1.3.96_postcss@8.5.16_/node_modules/postcss-loader/dist/cjs.js??ruleSet[1].rules[3].use[0]!../../../var/cache/pai-dev-server/prewarm/taro/0432e9adac405f3a05e1ffc58a9ab755/node_modules/.pnpm/resolve-url-loader@5.0.0/node_modules/resolve-url-loader/index.js!../../../var/cache/pai-dev-server/prewarm/taro/0432e9adac405f3a05e1ffc58a9ab755/node_modules/.pnpm/sass-loader@14.2.1_sass@1.101.0_webpack@5.78.0_@swc+core@1.3.96_postcss@8.5.16_/node_modules/sass-loader/dist/cjs.js??ruleSet[1].rules[5].use[1]!./src/pages/shop/index.module.scss)\nModule build failed (from ../../../var/cache/pai-dev-server/prewarm/taro/0432e9adac405f3a05e1ffc58a9ab755/node_modules/.pnpm/sass-loader@14.2.1_sass@1.101.0_webpack@5.78.0_@swc+core@1.3.96_postcss@8.5.16_/node_modules/sass-loader/dist/cjs.js):\nUndefined variable.\n   ╷\n28 │   width: 80rpx; height: 80rpx; background: $color-bg-card-dark;\n   │                                            ^^^^^^^^^^^^^^^^^^^\n   ╵\n  src/pages/shop/index.module.scss 28:44  root stylesheet\n   @ ./src/pages/shop/index.module.scss\n   @ ./src/pages/shop/index.tsx\n   @ ./src/app.config.ts\n\nERROR in ./src/pages/tree/index.module.scss (../../../var/cache/pai-dev-server/prewarm/taro/0432e9adac405f3a05e1ffc58a9ab755/node_modules/.pnpm/css-loader@7.1.4_webpack@5.78.0_@swc+core@1.3.96_postcss@8.5.16_/node_modules/css-loader/dist/cjs.js??ruleSet[1].rules[2].oneOf[0].use[0]!../../../var/cache/pai-dev-server/prewarm/taro/0432e9adac405f3a05e1ffc58a9ab755/node_modules/.pnpm/postcss-loader@8.2.1_postcss@8.5.16_typescript@5.9.3_webpack@5.78.0_@swc+core@1.3.96_postcss@8.5.16_/node_modules/postcss-loader/dist/cjs.js??ruleSet[1].rules[3].use[0]!../../../var/cache/pai-dev-server/prewarm/taro/0432e9adac405f3a05e1ffc58a9ab755/node_modules/.pnpm/resolve-url-loader@5.0.0/node_modules/resolve-url-loader/index.js!../../../var/cache/pai-dev-server/prewarm/taro/0432e9adac405f3a05e1ffc58a9ab755/node_modules/.pnpm/sass-loader@14.2.1_sass@1.101.0_webpack@5.78.0_@swc+core@1.3.96_postcss@8.5.16_/node_modules/sass-loader/dist/cjs.js??ruleSet[1].rules[5].use[1]!./src/pages/tree/index.module.scss)\nModule build failed (from ../../../var/cache/pai-dev-server/prewarm/taro/0432e9adac405f3a05e1ffc58a9ab755/node_modules/.pnpm/sass-loader@14.2.1_sass@1.101.0_webpack@5.78.0_@swc+core@1.3.96_postcss@8.5.16_/node_modules/sass-loader/dist/cjs.js):\nUndefined variable.\n  ╷\n5 │   background: linear-gradient(180deg, #E8F5E9 0%, $color-bg-page 40%, $color-bg-card-dark 100%);\n  │                                                                       ^^^^^^^^^^^^^^^^^^^\n  ╵\n  src/pages/tree/index.module.scss 5:71  root stylesheet\n   @ ./src/pages/tree/index.module.scss\n   @ ./src/pages/tree/index.tsx\n   @ ./src/app.config.ts","timestamp":1786532841156}]}
[19:08:32.304] File change detected. Updating...
[19:08:32.319] readProjectFiles, Found 65 files to read.
[19:08:32.378] Files read. Count: 65
[19:08:32.378] Calling pai.updateCloudDev...
[19:08:32.379] [PAI SDK] cloudServer.update called, appId: pai-preview-trae-ff4dc67f
[19:08:32.468] [PAI SDK] Received event: reload {"url":"aipa://pai-preview-trae-ff4dc67f.aipa-cloud.bytedance.net?type=pai","timestamp":1786532912460}
[19:08:32.468] [PAI SDK] CloudServer received reload event: {"url":"aipa://pai-preview-trae-ff4dc67f.aipa-cloud.bytedance.net?type=pai","timestamp":1786532912460}
[19:08:32.469] [PAI SDK] reload, url = https://sd62opo6oqou1ckhsuo00.apigateway-cn-beijing.volceapi.com/?faasInstanceName=vefaas-f0vkicge-zwx1wbt5u0-d9u543o2jfrdbl39r6o0-sandbox&hash=pai-preview-trae-ff4dc67f
[19:08:32.469] [PAI SDK] cloudServer.update response: {
  "status": "running",
  "reload": false,
  "hash": "pai-preview-trae-ff4dc67f"
}
[19:08:32.469] Update success (pai.updateCloudDev returned)
[19:08:32.514] [PAI SDK] Received event: log {"content":"<i> [webpack-dev-middleware] wait until bundle finished: /\n","timestamp":1786532912505}
[19:08:34.371] [PAI SDK] Received event: log {"content":"✅  编译成功 8/12/2026, 7:08:34 PM\n\n","timestamp":1786532914363}
[19:38:11.997] [Preview Server] Frontend disconnected, clients size = 1
[19:47:54.153] [PAI SDK] WebSocket closed, reconnecting (1/3)...
[19:48:04.346] [Global WebSocket] Suppressed error to prevent crash: Unexpected server response: 404
[19:48:04.347] [PAI SDK] WebSocket closed, reconnecting (1/3)...
[19:48:14.464] [Global WebSocket] Suppressed error to prevent crash: Unexpected server response: 404
[19:48:14.465] [PAI SDK] WebSocket closed, reconnecting (1/3)...
[19:48:24.575] [Global WebSocket] Suppressed error to prevent crash: Unexpected server response: 404
[19:48:24.576] [PAI SDK] WebSocket closed, reconnecting (1/3)...
[19:48:34.692] [Global WebSocket] Suppressed error to prevent crash: Unexpected server response: 404
[19:48:34.692] [PAI SDK] WebSocket closed, reconnecting (1/3)...
[19:48:44.801] [Global WebSocket] Suppressed error to prevent crash: Unexpected server response: 404
[19:48:44.801] [PAI SDK] WebSocket closed, reconnecting (1/3)...
[19:48:54.913] [Global WebSocket] Suppressed error to prevent crash: Unexpected server response: 404
[19:48:54.913] [PAI SDK] WebSocket closed, reconnecting (1/3)...
[19:49:05.036] [Global WebSocket] Suppressed error to prevent crash: Unexpected server response: 404
[19:49:05.037] [PAI SDK] WebSocket closed, reconnecting (1/3)...
[19:49:15.161] [Global WebSocket] Suppressed error to prevent crash: Unexpected server response: 404
[19:49:15.161] [PAI SDK] WebSocket closed, reconnecting (1/3)...
[19:49:25.298] [Global WebSocket] Suppressed error to prevent crash: Unexpected server response: 404
[19:49:25.298] [PAI SDK] WebSocket closed, reconnecting (1/3)...
[19:49:35.402] [Global WebSocket] Suppressed error to prevent crash: Unexpected server response: 404
[19:49:35.402] [PAI SDK] WebSocket closed, reconnecting (1/3)...
[19:49:45.505] [Global WebSocket] Suppressed error to prevent crash: Unexpected server response: 404
[19:49:45.505] [PAI SDK] WebSocket closed, reconnecting (1/3)...
[19:49:55.629] [Global WebSocket] Suppressed error to prevent crash: Unexpected server response: 404
[19:49:55.629] [PAI SDK] WebSocket closed, reconnecting (1/3)...
[19:50:05.745] [Global WebSocket] Suppressed error to prevent crash: Unexpected server response: 404
[19:50:05.745] [PAI SDK] WebSocket closed, reconnecting (1/3)...
[19:50:15.863] [Global WebSocket] Suppressed error to prevent crash: Unexpected server response: 404
[19:50:15.863] [PAI SDK] WebSocket closed, reconnecting (1/3)...
[19:50:26.029] [Global WebSocket] Suppressed error to prevent crash: Unexpected server response: 404
[19:50:26.029] [PAI SDK] WebSocket closed, reconnecting (1/3)...
[19:50:36.130] [Global WebSocket] Suppressed error to prevent crash: Unexpected server response: 404
[19:50:36.131] [PAI SDK] WebSocket closed, reconnecting (1/3)...
[19:50:46.232] [Global WebSocket] Suppressed error to prevent crash: Unexpected server response: 404
[19:50:46.233] [PAI SDK] WebSocket closed, reconnecting (1/3)...
[19:50:56.335] [Global WebSocket] Suppressed error to prevent crash: Unexpected server response: 404
[19:50:56.335] [PAI SDK] WebSocket closed, reconnecting (1/3)...
[19:51:06.450] [Global WebSocket] Suppressed error to prevent crash: Unexpected server response: 404
[19:51:06.450] [PAI SDK] WebSocket closed, reconnecting (1/3)...
[19:51:16.568] [Global WebSocket] Suppressed error to prevent crash: Unexpected server response: 404
[19:51:16.569] [PAI SDK] WebSocket closed, reconnecting (1/3)...
[19:51:26.710] [Global WebSocket] Suppressed error to prevent crash: Unexpected server response: 404
[19:51:26.710] [PAI SDK] WebSocket closed, reconnecting (1/3)...
[19:51:36.813] [Global WebSocket] Suppressed error to prevent crash: Unexpected server response: 404
[19:51:36.813] [PAI SDK] WebSocket closed, reconnecting (1/3)...
[19:51:46.931] [Global WebSocket] Suppressed error to prevent crash: Unexpected server response: 404
[19:51:46.932] [PAI SDK] WebSocket closed, reconnecting (1/3)...
[19:51:57.057] [Global WebSocket] Suppressed error to prevent crash: Unexpected server response: 404
[19:51:57.057] [PAI SDK] WebSocket closed, reconnecting (1/3)...
[19:52:07.162] [Global WebSocket] Suppressed error to prevent crash: Unexpected server response: 404
[19:52:07.162] [PAI SDK] WebSocket closed, reconnecting (1/3)...
[19:52:17.272] [Global WebSocket] Suppressed error to prevent crash: Unexpected server response: 404
[19:52:17.272] [PAI SDK] WebSocket closed, reconnecting (1/3)...
[19:52:27.390] [Global WebSocket] Suppressed error to prevent crash: Unexpected server response: 404
[19:52:27.390] [PAI SDK] WebSocket closed, reconnecting (1/3)...
[19:52:37.509] [Global WebSocket] Suppressed error to prevent crash: Unexpected server response: 404
[19:52:37.509] [PAI SDK] WebSocket closed, reconnecting (1/3)...
[19:52:47.706] [Global WebSocket] Suppressed error to prevent crash: Unexpected server response: 404
[19:52:47.707] [PAI SDK] WebSocket closed, reconnecting (1/3)...
[19:52:57.827] [Global WebSocket] Suppressed error to prevent crash: Unexpected server response: 404
[19:52:57.827] [PAI SDK] WebSocket closed, reconnecting (1/3)...
[19:53:07.941] [Global WebSocket] Suppressed error to prevent crash: Unexpected server response: 404
[19:53:07.941] [PAI SDK] WebSocket closed, reconnecting (1/3)...
[19:53:18.071] [Global WebSocket] Suppressed error to prevent crash: Unexpected server response: 404
[19:53:18.071] [PAI SDK] WebSocket closed, reconnecting (1/3)...
[19:53:28.207] [Global WebSocket] Suppressed error to prevent crash: Unexpected server response: 404
[19:53:28.207] [PAI SDK] WebSocket closed, reconnecting (1/3)...
[19:53:38.323] [Global WebSocket] Suppressed error to prevent crash: Unexpected server response: 404
[19:53:38.323] [PAI SDK] WebSocket closed, reconnecting (1/3)...
[19:53:48.433] [Global WebSocket] Suppressed error to prevent crash: Unexpected server response: 404
[19:53:48.433] [PAI SDK] WebSocket closed, reconnecting (1/3)...
[19:53:58.536] [Global WebSocket] Suppressed error to prevent crash: Unexpected server response: 404
[19:53:58.537] [PAI SDK] WebSocket closed, reconnecting (1/3)...
[19:54:08.667] [Global WebSocket] Suppressed error to prevent crash: Unexpected server response: 404
[19:54:08.668] [PAI SDK] WebSocket closed, reconnecting (1/3)...
[19:54:18.782] [Global WebSocket] Suppressed error to prevent crash: Unexpected server response: 404
[19:54:18.782] [PAI SDK] WebSocket closed, reconnecting (1/3)...
[19:54:28.884] [Global WebSocket] Suppressed error to prevent crash: Unexpected server response: 404
[19:54:28.884] [PAI SDK] WebSocket closed, reconnecting (1/3)...
[19:54:39.007] [Global WebSocket] Suppressed error to prevent crash: Unexpected server response: 404
[19:54:39.007] [PAI SDK] WebSocket closed, reconnecting (1/3)...
[19:54:49.139] [Global WebSocket] Suppressed error to prevent crash: Unexpected server response: 404
[19:54:49.140] [PAI SDK] WebSocket closed, reconnecting (1/3)...
[19:54:59.253] [Global WebSocket] Suppressed error to prevent crash: Unexpected server response: 404
[19:54:59.253] [PAI SDK] WebSocket closed, reconnecting (1/3)...
[19:55:09.425] [Global WebSocket] Suppressed error to prevent crash: Unexpected server response: 404
[19:55:09.425] [PAI SDK] WebSocket closed, reconnecting (1/3)...
[19:55:19.528] [Global WebSocket] Suppressed error to prevent crash: Unexpected server response: 404
[19:55:19.529] [PAI SDK] WebSocket closed, reconnecting (1/3)...
[19:55:29.638] [Global WebSocket] Suppressed error to prevent crash: Unexpected server response: 404
[19:55:29.639] [PAI SDK] WebSocket closed, reconnecting (1/3)...
[19:55:39.749] [Global WebSocket] Suppressed error to prevent crash: Unexpected server response: 404
[19:55:39.749] [PAI SDK] WebSocket closed, reconnecting (1/3)...
[19:55:49.852] [Global WebSocket] Suppressed error to prevent crash: Unexpected server response: 404
[19:55:49.852] [PAI SDK] WebSocket closed, reconnecting (1/3)...
[19:55:59.975] [Global WebSocket] Suppressed error to prevent crash: Unexpected server response: 404
[19:55:59.975] [PAI SDK] WebSocket closed, reconnecting (1/3)...
[19:56:10.167] [Global WebSocket] Suppressed error to prevent crash: Unexpected server response: 404
[19:56:10.168] [PAI SDK] WebSocket closed, reconnecting (1/3)...
[19:56:20.287] [Global WebSocket] Suppressed error to prevent crash: Unexpected server response: 404
[19:56:20.287] [PAI SDK] WebSocket closed, reconnecting (1/3)...
[19:56:30.402] [Global WebSocket] Suppressed error to prevent crash: Unexpected server response: 404
[19:56:30.402] [PAI SDK] WebSocket closed, reconnecting (1/3)...
[19:56:40.548] [Global WebSocket] Suppressed error to prevent crash: Unexpected server response: 404
[19:56:40.548] [PAI SDK] WebSocket closed, reconnecting (1/3)...
[19:56:50.671] [Global WebSocket] Suppressed error to prevent crash: Unexpected server response: 404
[19:56:50.671] [PAI SDK] WebSocket closed, reconnecting (1/3)...
[19:57:00.793] [Global WebSocket] Suppressed error to prevent crash: Unexpected server response: 404
[19:57:00.794] [PAI SDK] WebSocket closed, reconnecting (1/3)...
[19:57:10.971] [Global WebSocket] Suppressed error to prevent crash: Unexpected server response: 404
[19:57:10.971] [PAI SDK] WebSocket closed, reconnecting (1/3)...
[19:57:21.082] [Global WebSocket] Suppressed error to prevent crash: Unexpected server response: 404
[19:57:21.082] [PAI SDK] WebSocket closed, reconnecting (1/3)...
[19:57:31.193] [Global WebSocket] Suppressed error to prevent crash: Unexpected server response: 404
[19:57:31.193] [PAI SDK] WebSocket closed, reconnecting (1/3)...
[19:57:41.293] [Global WebSocket] Suppressed error to prevent crash: Unexpected server response: 404
[19:57:41.293] [PAI SDK] WebSocket closed, reconnecting (1/3)...
[19:57:51.412] [Global WebSocket] Suppressed error to prevent crash: Unexpected server response: 404
[19:57:51.412] [PAI SDK] WebSocket closed, reconnecting (1/3)...
[19:58:01.536] [Global WebSocket] Suppressed error to prevent crash: Unexpected server response: 404
[19:58:01.537] [PAI SDK] WebSocket closed, reconnecting (1/3)...
[19:58:11.706] [Global WebSocket] Suppressed error to prevent crash: Unexpected server response: 404
[19:58:11.706] [PAI SDK] WebSocket closed, reconnecting (1/3)...
[19:58:21.826] [Global WebSocket] Suppressed error to prevent crash: Unexpected server response: 404
[19:58:21.826] [PAI SDK] WebSocket closed, reconnecting (1/3)...
[19:58:31.937] [Global WebSocket] Suppressed error to prevent crash: Unexpected server response: 404
[19:58:31.937] [PAI SDK] WebSocket closed, reconnecting (1/3)...
[19:58:42.053] [Global WebSocket] Suppressed error to prevent crash: Unexpected server response: 404
[19:58:42.053] [PAI SDK] WebSocket closed, reconnecting (1/3)...
[19:58:52.173] [Global WebSocket] Suppressed error to prevent crash: Unexpected server response: 404
[19:58:52.173] [PAI SDK] WebSocket closed, reconnecting (1/3)...
[19:59:02.315] [Global WebSocket] Suppressed error to prevent crash: Unexpected server response: 404
[19:59:02.316] [PAI SDK] WebSocket closed, reconnecting (1/3)...
[19:59:12.489] [Global WebSocket] Suppressed error to prevent crash: Unexpected server response: 404
[19:59:12.489] [PAI SDK] WebSocket closed, reconnecting (1/3)...
[19:59:22.599] [Global WebSocket] Suppressed error to prevent crash: Unexpected server response: 404
[19:59:22.599] [PAI SDK] WebSocket closed, reconnecting (1/3)...
[19:59:32.706] [Global WebSocket] Suppressed error to prevent crash: Unexpected server response: 404
[19:59:32.706] [PAI SDK] WebSocket closed, reconnecting (1/3)...
[19:59:42.823] [Global WebSocket] Suppressed error to prevent crash: Unexpected server response: 404
[19:59:42.824] [PAI SDK] WebSocket closed, reconnecting (1/3)...
[19:59:52.947] [Global WebSocket] Suppressed error to prevent crash: Unexpected server response: 404
[19:59:52.947] [PAI SDK] WebSocket closed, reconnecting (1/3)...
[20:00:03.089] [Global WebSocket] Suppressed error to prevent crash: Unexpected server response: 404
[20:00:03.089] [PAI SDK] WebSocket closed, reconnecting (1/3)...
[20:00:13.281] [Global WebSocket] Suppressed error to prevent crash: Unexpected server response: 404
[20:00:13.281] [PAI SDK] WebSocket closed, reconnecting (1/3)...
[20:00:23.412] [Global WebSocket] Suppressed error to prevent crash: Unexpected server response: 404
[20:00:23.413] [PAI SDK] WebSocket closed, reconnecting (1/3)...
[20:00:33.522] [Global WebSocket] Suppressed error to prevent crash: Unexpected server response: 404
[20:00:33.523] [PAI SDK] WebSocket closed, reconnecting (1/3)...
[20:00:43.638] [Global WebSocket] Suppressed error to prevent crash: Unexpected server response: 404
[20:00:43.639] [PAI SDK] WebSocket closed, reconnecting (1/3)...
[20:00:53.761] [Global WebSocket] Suppressed error to prevent crash: Unexpected server response: 404
[20:00:53.762] [PAI SDK] WebSocket closed, reconnecting (1/3)...
[20:01:03.874] [Global WebSocket] Suppressed error to prevent crash: Unexpected server response: 404
[20:01:03.875] [PAI SDK] WebSocket closed, reconnecting (1/3)...
[20:01:13.981] [Global WebSocket] Suppressed error to prevent crash: Unexpected server response: 404
[20:01:13.982] [PAI SDK] WebSocket closed, reconnecting (1/3)...
[20:01:24.092] [Global WebSocket] Suppressed error to prevent crash: Unexpected server response: 404
[20:01:24.093] [PAI SDK] WebSocket closed, reconnecting (1/3)...
[20:01:34.245] [Global WebSocket] Suppressed error to prevent crash: Unexpected server response: 404
[20:01:34.245] [PAI SDK] WebSocket closed, reconnecting (1/3)...
[20:01:44.369] [Global WebSocket] Suppressed error to prevent crash: Unexpected server response: 404
[20:01:44.369] [PAI SDK] WebSocket closed, reconnecting (1/3)...
[20:01:54.491] [Global WebSocket] Suppressed error to prevent crash: Unexpected server response: 404
[20:01:54.492] [PAI SDK] WebSocket closed, reconnecting (1/3)...
[20:02:04.602] [Global WebSocket] Suppressed error to prevent crash: Unexpected server response: 404
[20:02:04.602] [PAI SDK] WebSocket closed, reconnecting (1/3)...
[20:02:14.736] [Global WebSocket] Suppressed error to prevent crash: Unexpected server response: 404
[20:02:14.736] [PAI SDK] WebSocket closed, reconnecting (1/3)...
[20:02:24.849] [Global WebSocket] Suppressed error to prevent crash: Unexpected server response: 404
[20:02:24.850] [PAI SDK] WebSocket closed, reconnecting (1/3)...
[20:02:35.023] [Global WebSocket] Suppressed error to prevent crash: Unexpected server response: 404
[20:02:35.024] [PAI SDK] WebSocket closed, reconnecting (1/3)...
[20:02:45.127] [Global WebSocket] Suppressed error to prevent crash: Unexpected server response: 404
[20:02:45.127] [PAI SDK] WebSocket closed, reconnecting (1/3)...
[20:02:55.236] [Global WebSocket] Suppressed error to prevent crash: Unexpected server response: 404
[20:02:55.236] [PAI SDK] WebSocket closed, reconnecting (1/3)...
[20:03:05.338] [Global WebSocket] Suppressed error to prevent crash: Unexpected server response: 404
[20:03:05.338] [PAI SDK] WebSocket closed, reconnecting (1/3)...
[20:03:15.450] [Global WebSocket] Suppressed error to prevent crash: Unexpected server response: 404
[20:03:15.451] [PAI SDK] WebSocket closed, reconnecting (1/3)...
[20:03:25.573] [Global WebSocket] Suppressed error to prevent crash: Unexpected server response: 404
[20:03:25.574] [PAI SDK] WebSocket closed, reconnecting (1/3)...
[20:03:35.725] [Global WebSocket] Suppressed error to prevent crash: Unexpected server response: 404
[20:03:35.725] [PAI SDK] WebSocket closed, reconnecting (1/3)...
[20:03:45.840] [Global WebSocket] Suppressed error to prevent crash: Unexpected server response: 404
[20:03:45.840] [PAI SDK] WebSocket closed, reconnecting (1/3)...
[20:03:55.947] [Global WebSocket] Suppressed error to prevent crash: Unexpected server response: 404
[20:03:55.948] [PAI SDK] WebSocket closed, reconnecting (1/3)...
[20:04:06.082] [Global WebSocket] Suppressed error to prevent crash: Unexpected server response: 404
[20:04:06.082] [PAI SDK] WebSocket closed, reconnecting (1/3)...
[20:04:16.194] [Global WebSocket] Suppressed error to prevent crash: Unexpected server response: 404
[20:04:16.195] [PAI SDK] WebSocket closed, reconnecting (1/3)...
[20:04:26.316] [Global WebSocket] Suppressed error to prevent crash: Unexpected server response: 404
[20:04:26.316] [PAI SDK] WebSocket closed, reconnecting (1/3)...
[20:04:36.449] [Global WebSocket] Suppressed error to prevent crash: Unexpected server response: 404
[20:04:36.449] [PAI SDK] WebSocket closed, reconnecting (1/3)...
[20:04:46.561] [Global WebSocket] Suppressed error to prevent crash: Unexpected server response: 404
[20:04:46.561] [PAI SDK] WebSocket closed, reconnecting (1/3)...
[20:04:56.717] [Global WebSocket] Suppressed error to prevent crash: Unexpected server response: 404
[20:04:56.718] [PAI SDK] WebSocket closed, reconnecting (1/3)...
[20:05:06.836] [Global WebSocket] Suppressed error to prevent crash: Unexpected server response: 404
[20:05:06.836] [PAI SDK] WebSocket closed, reconnecting (1/3)...
[20:05:16.976] [Global WebSocket] Suppressed error to prevent crash: Unexpected server response: 404
[20:05:16.977] [PAI SDK] WebSocket closed, reconnecting (1/3)...
[20:05:27.107] [Global WebSocket] Suppressed error to prevent crash: Unexpected server response: 404
[20:05:27.107] [PAI SDK] WebSocket closed, reconnecting (1/3)...
[20:05:37.212] [Global WebSocket] Suppressed error to prevent crash: Unexpected server response: 404
[20:05:37.212] [PAI SDK] WebSocket closed, reconnecting (1/3)...
[20:05:47.338] [Global WebSocket] Suppressed error to prevent crash: Unexpected server response: 404
[20:05:47.338] [PAI SDK] WebSocket closed, reconnecting (1/3)...
[20:05:57.528] [Global WebSocket] Suppressed error to prevent crash: Unexpected server response: 404
[20:05:57.528] [PAI SDK] WebSocket closed, reconnecting (1/3)...
[20:06:07.629] [Global WebSocket] Suppressed error to prevent crash: Unexpected server response: 404
[20:06:07.629] [PAI SDK] WebSocket closed, reconnecting (1/3)...
[20:06:17.733] [Global WebSocket] Suppressed error to prevent crash: Unexpected server response: 404
[20:06:17.734] [PAI SDK] WebSocket closed, reconnecting (1/3)...
[20:06:27.852] [Global WebSocket] Suppressed error to prevent crash: Unexpected server response: 404
[20:06:27.852] [PAI SDK] WebSocket closed, reconnecting (1/3)...
[20:06:37.960] [Global WebSocket] Suppressed error to prevent crash: Unexpected server response: 404
[20:06:37.961] [PAI SDK] WebSocket closed, reconnecting (1/3)...
[20:06:48.076] [Global WebSocket] Suppressed error to prevent crash: Unexpected server response: 404
[20:06:48.076] [PAI SDK] WebSocket closed, reconnecting (1/3)...
[20:06:58.250] [Global WebSocket] Suppressed error to prevent crash: Unexpected server response: 404
[20:06:58.250] [PAI SDK] WebSocket closed, reconnecting (1/3)...
[20:07:08.358] [Global WebSocket] Suppressed error to prevent crash: Unexpected server response: 404
[20:07:08.359] [PAI SDK] WebSocket closed, reconnecting (1/3)...
[20:07:18.465] [Global WebSocket] Suppressed error to prevent crash: Unexpected server response: 404
[20:07:18.466] [PAI SDK] WebSocket closed, reconnecting (1/3)...
[20:07:28.572] [Global WebSocket] Suppressed error to prevent crash: Unexpected server response: 404
[20:07:28.573] [PAI SDK] WebSocket closed, reconnecting (1/3)...
[20:07:38.690] [Global WebSocket] Suppressed error to prevent crash: Unexpected server response: 404
[20:07:38.691] [PAI SDK] WebSocket closed, reconnecting (1/3)...
[20:07:48.793] [Global WebSocket] Suppressed error to prevent crash: Unexpected server response: 404
[20:07:48.794] [PAI SDK] WebSocket closed, reconnecting (1/3)...
[20:07:58.966] [Global WebSocket] Suppressed error to prevent crash: Unexpected server response: 404
[20:07:58.967] [PAI SDK] WebSocket closed, reconnecting (1/3)...
[20:08:09.081] [Global WebSocket] Suppressed error to prevent crash: Unexpected server response: 404
[20:08:09.082] [PAI SDK] WebSocket closed, reconnecting (1/3)...
[20:08:19.196] [Global WebSocket] Suppressed error to prevent crash: Unexpected server response: 404
[20:08:19.197] [PAI SDK] WebSocket closed, reconnecting (1/3)...
[20:08:29.317] [Global WebSocket] Suppressed error to prevent crash: Unexpected server response: 404
[20:08:29.317] [PAI SDK] WebSocket closed, reconnecting (1/3)...
[20:08:39.430] [Global WebSocket] Suppressed error to prevent crash: Unexpected server response: 404
[20:08:39.430] [PAI SDK] WebSocket closed, reconnecting (1/3)...
[20:08:49.534] [Global WebSocket] Suppressed error to prevent crash: Unexpected server response: 404
[20:08:49.535] [PAI SDK] WebSocket closed, reconnecting (1/3)...
[20:08:59.675] [Global WebSocket] Suppressed error to prevent crash: Unexpected server response: 404
[20:08:59.676] [PAI SDK] WebSocket closed, reconnecting (1/3)...
[20:09:09.784] [Global WebSocket] Suppressed error to prevent crash: Unexpected server response: 404
[20:09:09.784] [PAI SDK] WebSocket closed, reconnecting (1/3)...
[20:09:19.909] [Global WebSocket] Suppressed error to prevent crash: Unexpected server response: 404
[20:09:19.909] [PAI SDK] WebSocket closed, reconnecting (1/3)...
[20:09:30.015] [Global WebSocket] Suppressed error to prevent crash: Unexpected server response: 404
[20:09:30.016] [PAI SDK] WebSocket closed, reconnecting (1/3)...
[20:09:40.140] [Global WebSocket] Suppressed error to prevent crash: Unexpected server response: 404
[20:09:40.140] [PAI SDK] WebSocket closed, reconnecting (1/3)...
[20:09:50.241] [Global WebSocket] Suppressed error to prevent crash: Unexpected server response: 404
[20:09:50.241] [PAI SDK] WebSocket closed, reconnecting (1/3)...
[20:10:00.357] [Global WebSocket] Suppressed error to prevent crash: Unexpected server response: 404
[20:10:00.357] [PAI SDK] WebSocket closed, reconnecting (1/3)...
[20:10:10.471] [Global WebSocket] Suppressed error to prevent crash: Unexpected server response: 404
[20:10:10.471] [PAI SDK] WebSocket closed, reconnecting (1/3)...
[20:10:20.634] [Global WebSocket] Suppressed error to prevent crash: Unexpected server response: 404
[20:10:20.635] [PAI SDK] WebSocket closed, reconnecting (1/3)...
[20:10:30.746] [Global WebSocket] Suppressed error to prevent crash: Unexpected server response: 404
[20:10:30.747] [PAI SDK] WebSocket closed, reconnecting (1/3)...
[20:10:40.856] [Global WebSocket] Suppressed error to prevent crash: Unexpected server response: 404
[20:10:40.856] [PAI SDK] WebSocket closed, reconnecting (1/3)...
[20:10:50.973] [Global WebSocket] Suppressed error to prevent crash: Unexpected server response: 404
[20:10:50.973] [PAI SDK] WebSocket closed, reconnecting (1/3)...
[20:11:01.103] [Global WebSocket] Suppressed error to prevent crash: Unexpected server response: 404
[20:11:01.104] [PAI SDK] WebSocket closed, reconnecting (1/3)...
[20:11:11.214] [Global WebSocket] Suppressed error to prevent crash: Unexpected server response: 404
[20:11:11.214] [PAI SDK] WebSocket closed, reconnecting (1/3)...
[20:11:21.405] [Global WebSocket] Suppressed error to prevent crash: Unexpected server response: 404
[20:11:21.405] [PAI SDK] WebSocket closed, reconnecting (1/3)...
[20:11:31.527] [Global WebSocket] Suppressed error to prevent crash: Unexpected server response: 404
[20:11:31.527] [PAI SDK] WebSocket closed, reconnecting (1/3)...
[20:11:41.655] [Global WebSocket] Suppressed error to prevent crash: Unexpected server response: 404
[20:11:41.656] [PAI SDK] WebSocket closed, reconnecting (1/3)...
[20:11:51.778] [Global WebSocket] Suppressed error to prevent crash: Unexpected server response: 404
[20:11:51.778] [PAI SDK] WebSocket closed, reconnecting (1/3)...
[20:12:01.894] [Global WebSocket] Suppressed error to prevent crash: Unexpected server response: 404
[20:12:01.894] [PAI SDK] WebSocket closed, reconnecting (1/3)...
[20:12:12.000] [Global WebSocket] Suppressed error to prevent crash: Unexpected server response: 404
[20:12:12.000] [PAI SDK] WebSocket closed, reconnecting (1/3)...
[20:12:22.117] [Global WebSocket] Suppressed error to prevent crash: Unexpected server response: 404
[20:12:22.117] [PAI SDK] WebSocket closed, reconnecting (1/3)...
[20:12:32.254] [Global WebSocket] Suppressed error to prevent crash: Unexpected server response: 404
[20:12:32.255] [PAI SDK] WebSocket closed, reconnecting (1/3)...
[20:12:42.360] [Global WebSocket] Suppressed error to prevent crash: Unexpected server response: 404
[20:12:42.361] [PAI SDK] WebSocket closed, reconnecting (1/3)...
[20:12:52.468] [Global WebSocket] Suppressed error to prevent crash: Unexpected server response: 404
[20:12:52.468] [PAI SDK] WebSocket closed, reconnecting (1/3)...
[20:13:02.565] [Global WebSocket] Suppressed error to prevent crash: Unexpected server response: 404
[20:13:02.566] [PAI SDK] WebSocket closed, reconnecting (1/3)...
[20:13:12.697] [Global WebSocket] Suppressed error to prevent crash: Unexpected server response: 404
[20:13:12.698] [PAI SDK] WebSocket closed, reconnecting (1/3)...
[20:13:22.815] [Global WebSocket] Suppressed error to prevent crash: Unexpected server response: 404
[20:13:22.815] [PAI SDK] WebSocket closed, reconnecting (1/3)...
[20:13:32.914] [Global WebSocket] Suppressed error to prevent crash: Unexpected server response: 404
[20:13:32.914] [PAI SDK] WebSocket closed, reconnecting (1/3)...
[20:13:43.093] [Global WebSocket] Suppressed error to prevent crash: Unexpected server response: 404
[20:13:43.094] [PAI SDK] WebSocket closed, reconnecting (1/3)...
[20:13:53.210] [Global WebSocket] Suppressed error to prevent crash: Unexpected server response: 404
[20:13:53.211] [PAI SDK] WebSocket closed, reconnecting (1/3)...
[20:14:03.317] [Global WebSocket] Suppressed error to prevent crash: Unexpected server response: 404
[20:14:03.317] [PAI SDK] WebSocket closed, reconnecting (1/3)...
[20:14:13.461] [Global WebSocket] Suppressed error to prevent crash: Unexpected server response: 404
[20:14:13.461] [PAI SDK] WebSocket closed, reconnecting (1/3)...
[20:14:23.585] [Global WebSocket] Suppressed error to prevent crash: Unexpected server response: 404
[20:14:23.586] [PAI SDK] WebSocket closed, reconnecting (1/3)...
[20:14:33.701] [Global WebSocket] Suppressed error to prevent crash: Unexpected server response: 404
[20:14:33.702] [PAI SDK] WebSocket closed, reconnecting (1/3)...
[20:14:43.872] [Global WebSocket] Suppressed error to prevent crash: Unexpected server response: 404
[20:14:43.872] [PAI SDK] WebSocket closed, reconnecting (1/3)...
[20:14:53.993] [Global WebSocket] Suppressed error to prevent crash: Unexpected server response: 404
[20:14:53.993] [PAI SDK] WebSocket closed, reconnecting (1/3)...
[20:15:04.111] [Global WebSocket] Suppressed error to prevent crash: Unexpected server response: 404
[20:15:04.112] [PAI SDK] WebSocket closed, reconnecting (1/3)...
[20:15:14.223] [Global WebSocket] Suppressed error to prevent crash: Unexpected server response: 404
[20:15:14.223] [PAI SDK] WebSocket closed, reconnecting (1/3)...
[20:15:24.354] [Global WebSocket] Suppressed error to prevent crash: Unexpected server response: 404
[20:15:24.354] [PAI SDK] WebSocket closed, reconnecting (1/3)...
[20:15:34.481] [Global WebSocket] Suppressed error to prevent crash: Unexpected server response: 404
[20:15:34.481] [PAI SDK] WebSocket closed, reconnecting (1/3)...
[20:15:44.584] [Global WebSocket] Suppressed error to prevent crash: Unexpected server response: 404
[20:15:44.584] [PAI SDK] WebSocket closed, reconnecting (1/3)...
[20:15:54.700] [Global WebSocket] Suppressed error to prevent crash: Unexpected server response: 404
[20:15:54.701] [PAI SDK] WebSocket closed, reconnecting (1/3)...
[20:16:04.818] [Global WebSocket] Suppressed error to prevent crash: Unexpected server response: 404
[20:16:04.818] [PAI SDK] WebSocket closed, reconnecting (1/3)...
[20:16:14.933] [Global WebSocket] Suppressed error to prevent crash: Unexpected server response: 404
[20:16:14.933] [PAI SDK] WebSocket closed, reconnecting (1/3)...
[20:16:25.048] [Global WebSocket] Suppressed error to prevent crash: Unexpected server response: 404
[20:16:25.049] [PAI SDK] WebSocket closed, reconnecting (1/3)...
[20:16:35.163] [Global WebSocket] Suppressed error to prevent crash: Unexpected server response: 404
[20:16:35.164] [PAI SDK] WebSocket closed, reconnecting (1/3)...
[20:16:45.277] [Global WebSocket] Suppressed error to prevent crash: Unexpected server response: 404
[20:16:45.278] [PAI SDK] WebSocket closed, reconnecting (1/3)...
[20:16:55.378] [Global WebSocket] Suppressed error to prevent crash: Unexpected server response: 404
[20:16:55.378] [PAI SDK] WebSocket closed, reconnecting (1/3)...
[20:17:05.570] [Global WebSocket] Suppressed error to prevent crash: Unexpected server response: 404
[20:17:05.570] [PAI SDK] WebSocket closed, reconnecting (1/3)...
[20:17:15.683] [Global WebSocket] Suppressed error to prevent crash: Unexpected server response: 404
[20:17:15.684] [PAI SDK] WebSocket closed, reconnecting (1/3)...
[20:17:25.799] [Global WebSocket] Suppressed error to prevent crash: Unexpected server response: 404
[20:17:25.799] [PAI SDK] WebSocket closed, reconnecting (1/3)...
[20:17:35.907] [Global WebSocket] Suppressed error to prevent crash: Unexpected server response: 404
[20:17:35.907] [PAI SDK] WebSocket closed, reconnecting (1/3)...
[20:17:46.032] [Global WebSocket] Suppressed error to prevent crash: Unexpected server response: 404
[20:17:46.032] [PAI SDK] WebSocket closed, reconnecting (1/3)...
[20:17:56.161] [Global WebSocket] Suppressed error to prevent crash: Unexpected server response: 404
[20:17:56.161] [PAI SDK] WebSocket closed, reconnecting (1/3)...
[20:18:06.280] [Global WebSocket] Suppressed error to prevent crash: Unexpected server response: 404
[20:18:06.280] [PAI SDK] WebSocket closed, reconnecting (1/3)...
[20:18:16.413] [Global WebSocket] Suppressed error to prevent crash: Unexpected server response: 404
[20:18:16.413] [PAI SDK] WebSocket closed, reconnecting (1/3)...
[20:18:26.528] [Global WebSocket] Suppressed error to prevent crash: Unexpected server response: 404
[20:18:26.529] [PAI SDK] WebSocket closed, reconnecting (1/3)...
[20:18:36.654] [Global WebSocket] Suppressed error to prevent crash: Unexpected server response: 404
[20:18:36.654] [PAI SDK] WebSocket closed, reconnecting (1/3)...
[20:18:46.776] [Global WebSocket] Suppressed error to prevent crash: Unexpected server response: 404
[20:18:46.776] [PAI SDK] WebSocket closed, reconnecting (1/3)...
[20:18:56.904] [Global WebSocket] Suppressed error to prevent crash: Unexpected server response: 404
[20:18:56.904] [PAI SDK] WebSocket closed, reconnecting (1/3)...
[20:19:07.016] [Global WebSocket] Suppressed error to prevent crash: Unexpected server response: 404
[20:19:07.016] [PAI SDK] WebSocket closed, reconnecting (1/3)...
[20:19:17.117] [Global WebSocket] Suppressed error to prevent crash: Unexpected server response: 404
[20:19:17.118] [PAI SDK] WebSocket closed, reconnecting (1/3)...
[20:19:27.290] [Global WebSocket] Suppressed error to prevent crash: Unexpected server response: 404
[20:19:27.291] [PAI SDK] WebSocket closed, reconnecting (1/3)...
[20:19:37.412] [Global WebSocket] Suppressed error to prevent crash: Unexpected server response: 404
[20:19:37.413] [PAI SDK] WebSocket closed, reconnecting (1/3)...
[20:19:47.512] [Global WebSocket] Suppressed error to prevent crash: Unexpected server response: 404
[20:19:47.513] [PAI SDK] WebSocket closed, reconnecting (1/3)...
[20:19:57.621] [Global WebSocket] Suppressed error to prevent crash: Unexpected server response: 404
[20:19:57.621] [PAI SDK] WebSocket closed, reconnecting (1/3)...
[20:20:07.746] [Global WebSocket] Suppressed error to prevent crash: Unexpected server response: 404
[20:20:07.747] [PAI SDK] WebSocket closed, reconnecting (1/3)...
[20:20:17.889] [Global WebSocket] Suppressed error to prevent crash: Unexpected server response: 404
[20:20:17.889] [PAI SDK] WebSocket closed, reconnecting (1/3)...
[20:20:28.004] [Global WebSocket] Suppressed error to prevent crash: Unexpected server response: 404
[20:20:28.004] [PAI SDK] WebSocket closed, reconnecting (1/3)...
[20:20:38.120] [Global WebSocket] Suppressed error to prevent crash: Unexpected server response: 404
[20:20:38.121] [PAI SDK] WebSocket closed, reconnecting (1/3)...
[20:20:48.233] [Global WebSocket] Suppressed error to prevent crash: Unexpected server response: 404
[20:20:48.233] [PAI SDK] WebSocket closed, reconnecting (1/3)...
[20:20:58.353] [Global WebSocket] Suppressed error to prevent crash: Unexpected server response: 404
[20:20:58.353] [PAI SDK] WebSocket closed, reconnecting (1/3)...
[20:21:08.451] [Global WebSocket] Suppressed error to prevent crash: Unexpected server response: 404
[20:21:08.452] [PAI SDK] WebSocket closed, reconnecting (1/3)...
[20:21:18.560] [Global WebSocket] Suppressed error to prevent crash: Unexpected server response: 404
[20:21:18.560] [PAI SDK] WebSocket closed, reconnecting (1/3)...
[20:21:28.683] [Global WebSocket] Suppressed error to prevent crash: Unexpected server response: 404
[20:21:28.684] [PAI SDK] WebSocket closed, reconnecting (1/3)...
[20:21:38.797] [Global WebSocket] Suppressed error to prevent crash: Unexpected server response: 404
[20:21:38.797] [PAI SDK] WebSocket closed, reconnecting (1/3)...
[20:21:48.975] [Global WebSocket] Suppressed error to prevent crash: Unexpected server response: 404
[20:21:48.975] [PAI SDK] WebSocket closed, reconnecting (1/3)...
[20:21:59.082] [Global WebSocket] Suppressed error to prevent crash: Unexpected server response: 404
[20:21:59.083] [PAI SDK] WebSocket closed, reconnecting (1/3)...
[20:22:09.190] [Global WebSocket] Suppressed error to prevent crash: Unexpected server response: 404
[20:22:09.190] [PAI SDK] WebSocket closed, reconnecting (1/3)...
[20:22:19.292] [Global WebSocket] Suppressed error to prevent crash: Unexpected server response: 404
[20:22:19.292] [PAI SDK] WebSocket closed, reconnecting (1/3)...
[20:22:29.393] [Global WebSocket] Suppressed error to prevent crash: Unexpected server response: 404
[20:22:29.394] [PAI SDK] WebSocket closed, reconnecting (1/3)...
[20:22:39.508] [Global WebSocket] Suppressed error to prevent crash: Unexpected server response: 404
[20:22:39.508] [PAI SDK] WebSocket closed, reconnecting (1/3)...
[20:22:49.700] [Global WebSocket] Suppressed error to prevent crash: Unexpected server response: 404
[20:22:49.701] [PAI SDK] WebSocket closed, reconnecting (1/3)...
[20:22:59.819] [Global WebSocket] Suppressed error to prevent crash: Unexpected server response: 404
[20:22:59.819] [PAI SDK] WebSocket closed, reconnecting (1/3)...
[20:23:09.933] [Global WebSocket] Suppressed error to prevent crash: Unexpected server response: 404
[20:23:09.933] [PAI SDK] WebSocket closed, reconnecting (1/3)...
[20:23:20.032] [Global WebSocket] Suppressed error to prevent crash: Unexpected server response: 404
[20:23:20.032] [PAI SDK] WebSocket closed, reconnecting (1/3)...
[20:23:30.149] [Global WebSocket] Suppressed error to prevent crash: Unexpected server response: 404
[20:23:30.150] [PAI SDK] WebSocket closed, reconnecting (1/3)...
[20:23:40.267] [Global WebSocket] Suppressed error to prevent crash: Unexpected server response: 404
[20:23:40.267] [PAI SDK] WebSocket closed, reconnecting (1/3)...
[20:23:50.434] [Global WebSocket] Suppressed error to prevent crash: Unexpected server response: 404
[20:23:50.435] [PAI SDK] WebSocket closed, reconnecting (1/3)...
[20:24:00.533] [Global WebSocket] Suppressed error to prevent crash: Unexpected server response: 404
[20:24:00.533] [PAI SDK] WebSocket closed, reconnecting (1/3)...
[20:24:10.643] [Global WebSocket] Suppressed error to prevent crash: Unexpected server response: 404
[20:24:10.643] [PAI SDK] WebSocket closed, reconnecting (1/3)...
[20:24:20.745] [Global WebSocket] Suppressed error to prevent crash: Unexpected server response: 404
[20:24:20.745] [PAI SDK] WebSocket closed, reconnecting (1/3)...
[20:24:30.864] [Global WebSocket] Suppressed error to prevent crash: Unexpected server response: 404
[20:24:30.865] [PAI SDK] WebSocket closed, reconnecting (1/3)...
[20:24:40.978] [Global WebSocket] Suppressed error to prevent crash: Unexpected server response: 404
[20:24:40.978] [PAI SDK] WebSocket closed, reconnecting (1/3)...
[20:24:51.128] [Global WebSocket] Suppressed error to prevent crash: Unexpected server response: 404
[20:24:51.128] [PAI SDK] WebSocket closed, reconnecting (1/3)...
[20:25:01.237] [Global WebSocket] Suppressed error to prevent crash: Unexpected server response: 404
[20:25:01.238] [PAI SDK] WebSocket closed, reconnecting (1/3)...
[20:25:11.360] [Global WebSocket] Suppressed error to prevent crash: Unexpected server response: 404
[20:25:11.360] [PAI SDK] WebSocket closed, reconnecting (1/3)...
[20:25:21.479] [Global WebSocket] Suppressed error to prevent crash: Unexpected server response: 404
[20:25:21.480] [PAI SDK] WebSocket closed, reconnecting (1/3)...
[20:25:31.588] [Global WebSocket] Suppressed error to prevent crash: Unexpected server response: 404
[20:25:31.589] [PAI SDK] WebSocket closed, reconnecting (1/3)...
[20:25:41.702] [Global WebSocket] Suppressed error to prevent crash: Unexpected server response: 404
[20:25:41.703] [PAI SDK] WebSocket closed, reconnecting (1/3)...
[20:25:51.833] [Global WebSocket] Suppressed error to prevent crash: Unexpected server response: 404
[20:25:51.833] [PAI SDK] WebSocket closed, reconnecting (1/3)...
[20:26:01.937] [Global WebSocket] Suppressed error to prevent crash: Unexpected server response: 404
[20:26:01.937] [PAI SDK] WebSocket closed, reconnecting (1/3)...
[20:26:12.116] [Global WebSocket] Suppressed error to prevent crash: Unexpected server response: 404
[20:26:12.116] [PAI SDK] WebSocket closed, reconnecting (1/3)...
[20:26:22.234] [Global WebSocket] Suppressed error to prevent crash: Unexpected server response: 404
[20:26:22.235] [PAI SDK] WebSocket closed, reconnecting (1/3)...
[20:26:32.345] [Global WebSocket] Suppressed error to prevent crash: Unexpected server response: 404
[20:26:32.345] [PAI SDK] WebSocket closed, reconnecting (1/3)...
[20:26:42.605] [Global WebSocket] Suppressed error to prevent crash: Unexpected server response: 404
[20:26:42.605] [PAI SDK] WebSocket closed, reconnecting (1/3)...
[20:26:52.720] [Global WebSocket] Suppressed error to prevent crash: Unexpected server response: 404
[20:26:52.720] [PAI SDK] WebSocket closed, reconnecting (1/3)...
[20:27:02.826] [Global WebSocket] Suppressed error to prevent crash: Unexpected server response: 404
[20:27:02.826] [PAI SDK] WebSocket closed, reconnecting (1/3)...
[20:27:12.938] [Global WebSocket] Suppressed error to prevent crash: Unexpected server response: 404
[20:27:12.938] [PAI SDK] WebSocket closed, reconnecting (1/3)...
[20:27:23.057] [Global WebSocket] Suppressed error to prevent crash: Unexpected server response: 404
[20:27:23.057] [PAI SDK] WebSocket closed, reconnecting (1/3)...
[20:27:33.151] [Global WebSocket] Suppressed error to prevent crash: Unexpected server response: 404
[20:27:33.151] [PAI SDK] WebSocket closed, reconnecting (1/3)...
[20:27:43.270] [Global WebSocket] Suppressed error to prevent crash: Unexpected server response: 404
[20:27:43.271] [PAI SDK] WebSocket closed, reconnecting (1/3)...
[20:27:53.400] [Global WebSocket] Suppressed error to prevent crash: Unexpected server response: 404
[20:27:53.400] [PAI SDK] WebSocket closed, reconnecting (1/3)...
[20:28:03.527] [Global WebSocket] Suppressed error to prevent crash: Unexpected server response: 404
[20:28:03.527] [PAI SDK] WebSocket closed, reconnecting (1/3)...
[20:28:13.639] [Global WebSocket] Suppressed error to prevent crash: Unexpected server response: 404
[20:28:13.639] [PAI SDK] WebSocket closed, reconnecting (1/3)...
[20:28:23.762] [Global WebSocket] Suppressed error to prevent crash: Unexpected server response: 404
[20:28:23.762] [PAI SDK] WebSocket closed, reconnecting (1/3)...
[20:28:33.941] [Global WebSocket] Suppressed error to prevent crash: Unexpected server response: 404
[20:28:33.941] [PAI SDK] WebSocket closed, reconnecting (1/3)...
[20:28:44.045] [Global WebSocket] Suppressed error to prevent crash: Unexpected server response: 404
[20:28:44.045] [PAI SDK] WebSocket closed, reconnecting (1/3)...
[20:28:54.157] [Global WebSocket] Suppressed error to prevent crash: Unexpected server response: 404
[20:28:54.157] [PAI SDK] WebSocket closed, reconnecting (1/3)...
[20:29:04.288] [Global WebSocket] Suppressed error to prevent crash: Unexpected server response: 404
[20:29:04.289] [PAI SDK] WebSocket closed, reconnecting (1/3)...
[20:29:14.392] [Global WebSocket] Suppressed error to prevent crash: Unexpected server response: 404
[20:29:14.392] [PAI SDK] WebSocket closed, reconnecting (1/3)...
[20:29:24.510] [Global WebSocket] Suppressed error to prevent crash: Unexpected server response: 404
[20:29:24.510] [PAI SDK] WebSocket closed, reconnecting (1/3)...
[20:29:34.696] [Global WebSocket] Suppressed error to prevent crash: Unexpected server response: 404
[20:29:34.696] [PAI SDK] WebSocket closed, reconnecting (1/3)...
[20:29:44.796] [Global WebSocket] Suppressed error to prevent crash: Unexpected server response: 404
[20:29:44.796] [PAI SDK] WebSocket closed, reconnecting (1/3)...
[20:29:54.919] [Global WebSocket] Suppressed error to prevent crash: Unexpected server response: 404
[20:29:54.919] [PAI SDK] WebSocket closed, reconnecting (1/3)...
[20:30:05.035] [Global WebSocket] Suppressed error to prevent crash: Unexpected server response: 404
[20:30:05.035] [PAI SDK] WebSocket closed, reconnecting (1/3)...
[20:30:15.150] [Global WebSocket] Suppressed error to prevent crash: Unexpected server response: 404
[20:30:15.151] [PAI SDK] WebSocket closed, reconnecting (1/3)...
[20:30:25.272] [Global WebSocket] Suppressed error to prevent crash: Unexpected server response: 404
[20:30:25.273] [PAI SDK] WebSocket closed, reconnecting (1/3)...
[20:30:35.428] [Global WebSocket] Suppressed error to prevent crash: Unexpected server response: 404
[20:30:35.429] [PAI SDK] WebSocket closed, reconnecting (1/3)...
[20:30:45.533] [Global WebSocket] Suppressed error to prevent crash: Unexpected server response: 404
[20:30:45.533] [PAI SDK] WebSocket closed, reconnecting (1/3)...
[20:30:55.644] [Global WebSocket] Suppressed error to prevent crash: Unexpected server response: 404
[20:30:55.644] [PAI SDK] WebSocket closed, reconnecting (1/3)...
[20:31:05.756] [Global WebSocket] Suppressed error to prevent crash: Unexpected server response: 404
[20:31:05.756] [PAI SDK] WebSocket closed, reconnecting (1/3)...
[20:31:15.875] [Global WebSocket] Suppressed error to prevent crash: Unexpected server response: 404
[20:31:15.876] [PAI SDK] WebSocket closed, reconnecting (1/3)...
[20:31:25.988] [Global WebSocket] Suppressed error to prevent crash: Unexpected server response: 404
[20:31:25.988] [PAI SDK] WebSocket closed, reconnecting (1/3)...
[20:31:36.092] [Global WebSocket] Suppressed error to prevent crash: Unexpected server response: 404
[20:31:36.092] [PAI SDK] WebSocket closed, reconnecting (1/3)...
[20:31:46.201] [Global WebSocket] Suppressed error to prevent crash: Unexpected server response: 404
[20:31:46.201] [PAI SDK] WebSocket closed, reconnecting (1/3)...
[20:31:56.385] [Global WebSocket] Suppressed error to prevent crash: Unexpected server response: 404
[20:31:56.386] [PAI SDK] WebSocket closed, reconnecting (1/3)...
[20:32:06.527] [Global WebSocket] Suppressed error to prevent crash: Unexpected server response: 404
[20:32:06.527] [PAI SDK] WebSocket closed, reconnecting (1/3)...
[20:32:16.654] [Global WebSocket] Suppressed error to prevent crash: Unexpected server response: 404
[20:32:16.655] [PAI SDK] WebSocket closed, reconnecting (1/3)...
[20:32:26.775] [Global WebSocket] Suppressed error to prevent crash: Unexpected server response: 404
[20:32:26.776] [PAI SDK] WebSocket closed, reconnecting (1/3)...
[20:32:36.898] [Global WebSocket] Suppressed error to prevent crash: Unexpected server response: 404
[20:32:36.899] [PAI SDK] WebSocket closed, reconnecting (1/3)...
[20:32:47.011] [Global WebSocket] Suppressed error to prevent crash: Unexpected server response: 404
[20:32:47.012] [PAI SDK] WebSocket closed, reconnecting (1/3)...
[20:32:57.152] [Global WebSocket] Suppressed error to prevent crash: Unexpected server response: 404
[20:32:57.152] [PAI SDK] WebSocket closed, reconnecting (1/3)...
[20:33:07.256] [Global WebSocket] Suppressed error to prevent crash: Unexpected server response: 404
[20:33:07.256] [PAI SDK] WebSocket closed, reconnecting (1/3)...
[20:33:17.375] [Global WebSocket] Suppressed error to prevent crash: Unexpected server response: 404
[20:33:17.375] [PAI SDK] WebSocket closed, reconnecting (1/3)...
[20:33:27.492] [Global WebSocket] Suppressed error to prevent crash: Unexpected server response: 404
[20:33:27.492] [PAI SDK] WebSocket closed, reconnecting (1/3)...
[20:33:37.608] [Global WebSocket] Suppressed error to prevent crash: Unexpected server response: 404
[20:33:37.608] [PAI SDK] WebSocket closed, reconnecting (1/3)...
[20:33:47.713] [Global WebSocket] Suppressed error to prevent crash: Unexpected server response: 404
[20:33:47.714] [PAI SDK] WebSocket closed, reconnecting (1/3)...
[20:33:57.822] [Global WebSocket] Suppressed error to prevent crash: Unexpected server response: 404
[20:33:57.822] [PAI SDK] WebSocket closed, reconnecting (1/3)...
[20:34:07.927] [Global WebSocket] Suppressed error to prevent crash: Unexpected server response: 404
[20:34:07.927] [PAI SDK] WebSocket closed, reconnecting (1/3)...
[20:34:18.094] [Global WebSocket] Suppressed error to prevent crash: Unexpected server response: 404
[20:34:18.095] [PAI SDK] WebSocket closed, reconnecting (1/3)...
[20:34:28.196] [Global WebSocket] Suppressed error to prevent crash: Unexpected server response: 404
[20:34:28.197] [PAI SDK] WebSocket closed, reconnecting (1/3)...
[20:34:38.308] [Global WebSocket] Suppressed error to prevent crash: Unexpected server response: 404
[20:34:38.308] [PAI SDK] WebSocket closed, reconnecting (1/3)...
[20:34:48.417] [Global WebSocket] Suppressed error to prevent crash: Unexpected server response: 404
[20:34:48.417] [PAI SDK] WebSocket closed, reconnecting (1/3)...
[20:34:58.532] [Global WebSocket] Suppressed error to prevent crash: Unexpected server response: 404
[20:34:58.532] [PAI SDK] WebSocket closed, reconnecting (1/3)...
[20:35:08.651] [Global WebSocket] Suppressed error to prevent crash: Unexpected server response: 404
[20:35:08.651] [PAI SDK] WebSocket closed, reconnecting (1/3)...
[20:35:18.791] [Global WebSocket] Suppressed error to prevent crash: Unexpected server response: 404
[20:35:18.791] [PAI SDK] WebSocket closed, reconnecting (1/3)...
[20:35:28.896] [Global WebSocket] Suppressed error to prevent crash: Unexpected server response: 404
[20:35:28.897] [PAI SDK] WebSocket closed, reconnecting (1/3)...
[20:35:39.008] [Global WebSocket] Suppressed error to prevent crash: Unexpected server response: 404
[20:35:39.009] [PAI SDK] WebSocket closed, reconnecting (1/3)...
[20:35:49.109] [Global WebSocket] Suppressed error to prevent crash: Unexpected server response: 404
[20:35:49.109] [PAI SDK] WebSocket closed, reconnecting (1/3)...
[20:35:59.214] [Global WebSocket] Suppressed error to prevent crash: Unexpected server response: 404
[20:35:59.215] [PAI SDK] WebSocket closed, reconnecting (1/3)...
[20:36:09.320] [Global WebSocket] Suppressed error to prevent crash: Unexpected server response: 404
[20:36:09.320] [PAI SDK] WebSocket closed, reconnecting (1/3)...
[20:36:19.423] [Global WebSocket] Suppressed error to prevent crash: Unexpected server response: 404
[20:36:19.423] [PAI SDK] WebSocket closed, reconnecting (1/3)...
[20:36:29.533] [Global WebSocket] Suppressed error to prevent crash: Unexpected server response: 404
[20:36:29.533] [PAI SDK] WebSocket closed, reconnecting (1/3)...
[20:36:39.724] [Global WebSocket] Suppressed error to prevent crash: Unexpected server response: 404
[20:36:39.724] [PAI SDK] WebSocket closed, reconnecting (1/3)...
[20:36:49.842] [Global WebSocket] Suppressed error to prevent crash: Unexpected server response: 404
[20:36:49.842] [PAI SDK] WebSocket closed, reconnecting (1/3)...
[20:36:59.957] [Global WebSocket] Suppressed error to prevent crash: Unexpected server response: 404
[20:36:59.958] [PAI SDK] WebSocket closed, reconnecting (1/3)...
[20:37:10.081] [Global WebSocket] Suppressed error to prevent crash: Unexpected server response: 404
[20:37:10.081] [PAI SDK] WebSocket closed, reconnecting (1/3)...
[20:37:20.190] [Global WebSocket] Suppressed error to prevent crash: Unexpected server response: 404
[20:37:20.190] [PAI SDK] WebSocket closed, reconnecting (1/3)...
[20:37:30.305] [Global WebSocket] Suppressed error to prevent crash: Unexpected server response: 404
[20:37:30.305] [PAI SDK] WebSocket closed, reconnecting (1/3)...
[20:37:40.428] [Global WebSocket] Suppressed error to prevent crash: Unexpected server response: 404
[20:37:40.429] [PAI SDK] WebSocket closed, reconnecting (1/3)...
[20:37:50.549] [Global WebSocket] Suppressed error to prevent crash: Unexpected server response: 404
[20:37:50.549] [PAI SDK] WebSocket closed, reconnecting (1/3)...
[20:38:00.673] [Global WebSocket] Suppressed error to prevent crash: Unexpected server response: 404
[20:38:00.673] [PAI SDK] WebSocket closed, reconnecting (1/3)...
[20:38:10.788] [Global WebSocket] Suppressed error to prevent crash: Unexpected server response: 404
[20:38:10.789] [PAI SDK] WebSocket closed, reconnecting (1/3)...
[20:38:13.780] Heartbeat timeout.
[20:38:13.781] Shutting down...
[20:38:13.785] Stopping Cloud Dev...
